date,value,valid_area_percent,source_asset,source_image
2000-01-01,,0.0,MODIS/061/MOD16A2GF,2000_01_01
2000-01-09,,0.0,MODIS/061/MOD16A2GF,2000_01_09
2000-01-17,,0.0,MODIS/061/MOD16A2GF,2000_01_17
2000-01-25,,0.0,MODIS/061/MOD16A2GF,2000_01_25
2000-02-02,,0.0,MODIS/061/MOD16A2GF,2000_02_02
2000-02-10,,0.0,MODIS/061/MOD16A2GF,2000_02_10
2000-02-18,,0.0,MODIS/061/MOD16A2GF,2000_02_18
2000-02-26,8.45755119857726,4.182648056514371,MODIS/061/MOD16A2GF,2000_02_26
2000-03-05,9.1427475965654,5.793705043917279,MODIS/061/MOD16A2GF,2000_03_05
2000-03-13,9.403392015277582,6.767101072950834,MODIS/061/MOD16A2GF,2000_03_13
2000-03-21,8.908524193839526,10.068414730315443,MODIS/061/MOD16A2GF,2000_03_21
2000-03-29,12.142658927582143,19.115887019897052,MODIS/061/MOD16A2GF,2000_03_29
2000-04-06,7.892168876506212,26.827682781937153,MODIS/061/MOD16A2GF,2000_04_06
2000-04-14,10.409198349211957,39.18628603864352,MODIS/061/MOD16A2GF,2000_04_14
2000-04-22,10.007173459235323,41.760635892456555,MODIS/061/MOD16A2GF,2000_04_22
2000-04-30,12.613793344693493,50.579989961513874,MODIS/061/MOD16A2GF,2000_04_30
2000-05-08,12.471141236945144,64.35480623947484,MODIS/061/MOD16A2GF,2000_05_08
2000-05-16,11.156848103682005,71.87514104594007,MODIS/061/MOD16A2GF,2000_05_16
2000-05-24,9.770551862997683,78.39630223763652,MODIS/061/MOD16A2GF,2000_05_24
2000-06-01,9.955071964628193,83.18297724866143,MODIS/061/MOD16A2GF,2000_06_01
2000-06-09,9.972283717572354,88.28946328245723,MODIS/061/MOD16A2GF,2000_06_09
2000-06-17,10.891839227586463,92.66997598999912,MODIS/061/MOD16A2GF,2000_06_17
2000-06-25,8.728441155648722,95.53000240190117,MODIS/061/MOD16A2GF,2000_06_25
2000-07-03,6.881812686965937,97.49052515902243,MODIS/061/MOD16A2GF,2000_07_03
2000-07-11,7.419366093247257,97.32787763095982,MODIS/061/MOD16A2GF,2000_07_11
2000-07-19,4.777687302163574,96.85646249118908,MODIS/061/MOD16A2GF,2000_07_19
2000-07-27,3.9161359727775436,98.65381989752854,MODIS/061/MOD16A2GF,2000_07_27
2000-08-04,2.4523191447990507,97.18571456883464,MODIS/061/MOD16A2GF,2000_08_04
2000-08-12,,0.0,MODIS/061/MOD16A2GF,2000_08_12
2000-08-20,1.9801467801222161,98.30505987889765,MODIS/061/MOD16A2GF,2000_08_20
2000-08-28,1.5446883590939473,98.5158441201522,MODIS/061/MOD16A2GF,2000_08_28
2000-09-05,1.2244608475425778,98.32552249970244,MODIS/061/MOD16A2GF,2000_09_05
2000-09-13,1.6040497014290414,97.75373614382492,MODIS/061/MOD16A2GF,2000_09_13
2000-09-21,4.100999220142059,94.91019168085835,MODIS/061/MOD16A2GF,2000_09_21
2000-09-29,8.710393164085486,31.582038451586275,MODIS/061/MOD16A2GF,2000_09_29
2000-10-07,6.33113384121171,39.75907426619667,MODIS/061/MOD16A2GF,2000_10_07
2000-10-15,8.656290002262278,6.95393826556372,MODIS/061/MOD16A2GF,2000_10_15
2000-10-23,4.6594388475400015,20.082269658574972,MODIS/061/MOD16A2GF,2000_10_23
2000-10-31,5.153376385016048,24.73698746985058,MODIS/061/MOD16A2GF,2000_10_31
2000-11-08,6.063490792586814,15.752181451810209,MODIS/061/MOD16A2GF,2000_11_08
2000-11-16,6.608851123369828,12.064129190044417,MODIS/061/MOD16A2GF,2000_11_16
2000-11-24,7.074484772192138,13.661644743764452,MODIS/061/MOD16A2GF,2000_11_24
2000-12-02,5.868743891927003,0.15230552256444782,MODIS/061/MOD16A2GF,2000_12_02
2000-12-10,6.099999790933993,0.01903814762219843,MODIS/061/MOD16A2GF,2000_12_10
2000-12-18,5.996283048336527,0.8350954964407397,MODIS/061/MOD16A2GF,2000_12_18
2000-12-26,5.652171614961801,2.405783721545535,MODIS/061/MOD16A2GF,2000_12_26
2001-01-01,6.931412562043567,3.623449643516012,MODIS/061/MOD16A2GF,2001_01_01
2001-01-09,5.65024631334412,1.8239344292427115,MODIS/061/MOD16A2GF,2001_01_09
2001-01-17,5.529408891266685,0.161824007955051,MODIS/061/MOD16A2GF,2001_01_17
2001-01-25,6.544432604394689,0.08567231390899176,MODIS/061/MOD16A2GF,2001_01_25
2001-02-02,7.49999622480526,0.12374779172118013,MODIS/061/MOD16A2GF,2001_02_02
2001-02-10,7.37999852580537,0.09519083850782589,MODIS/061/MOD16A2GF,2001_02_10
2001-02-18,9.46828532991567,0.1552514836399753,MODIS/061/MOD16A2GF,2001_02_18
2001-02-26,6.862991779407983,2.304570910385614,MODIS/061/MOD16A2GF,2001_02_26
2001-03-06,9.487154413743458,5.287689794393074,MODIS/061/MOD16A2GF,2001_03_06
2001-03-14,8.241742289222845,10.068771456848289,MODIS/061/MOD16A2GF,2001_03_14
2001-03-22,6.950778249590187,14.103335553479226,MODIS/061/MOD16A2GF,2001_03_22
2001-03-30,8.853330874141607,18.99267713606033,MODIS/061/MOD16A2GF,2001_03_30
2001-04-07,7.213217104707574,29.21372554736823,MODIS/061/MOD16A2GF,2001_04_07
2001-04-15,12.420191793793725,33.01461005856642,MODIS/061/MOD16A2GF,2001_04_15
2001-04-23,9.603489996611916,41.56778080958844,MODIS/061/MOD16A2GF,2001_04_23
2001-05-01,10.640552736429054,46.418313520246315,MODIS/061/MOD16A2GF,2001_05_01
2001-05-09,9.887924083526048,56.74192152014181,MODIS/061/MOD16A2GF,2001_05_09
2001-05-17,11.021820914868607,62.70282239825391,MODIS/061/MOD16A2GF,2001_05_17
2001-05-25,9.76560047477322,71.07254169790212,MODIS/061/MOD16A2GF,2001_05_25
2001-06-02,8.961624963609534,81.47618652765388,MODIS/061/MOD16A2GF,2001_06_02
2001-06-10,6.961811248694643,81.57250728638886,MODIS/061/MOD16A2GF,2001_06_10
2001-06-18,,0.0,MODIS/061/MOD16A2GF,2001_06_18
2001-06-26,,0.0,MODIS/061/MOD16A2GF,2001_06_26
2001-07-04,4.528518826439466,97.15874966588017,MODIS/061/MOD16A2GF,2001_07_04
2001-07-12,4.288773574551004,98.0911000994342,MODIS/061/MOD16A2GF,2001_07_12
2001-07-20,5.4998770812222,96.2276490095759,MODIS/061/MOD16A2GF,2001_07_20
2001-07-28,4.224004480973375,98.23446056819807,MODIS/061/MOD16A2GF,2001_07_28
2001-08-05,2.5696881213232716,98.14366644787438,MODIS/061/MOD16A2GF,2001_08_05
2001-08-13,5.696586486536919,96.47810722765843,MODIS/061/MOD16A2GF,2001_08_13
2001-08-21,5.005520905664806,97.25167537347826,MODIS/061/MOD16A2GF,2001_08_21
2001-08-29,2.8247136691428962,96.69679579551337,MODIS/061/MOD16A2GF,2001_08_29
2001-09-06,2.145861658339028,95.66146142915787,MODIS/061/MOD16A2GF,2001_09_06
2001-09-14,3.4189751779964985,97.19728740485847,MODIS/061/MOD16A2GF,2001_09_14
2001-09-22,2.2846488065822794,85.56136576911624,MODIS/061/MOD16A2GF,2001_09_22
2001-09-30,3.8637501775889636,92.08765684425579,MODIS/061/MOD16A2GF,2001_09_30
2001-10-08,5.491378408740236,53.43689222670728,MODIS/061/MOD16A2GF,2001_10_08
2001-10-16,7.409609067420012,31.572753434031924,MODIS/061/MOD16A2GF,2001_10_16
2001-10-24,6.196774606258812,24.720175498127553,MODIS/061/MOD16A2GF,2001_10_24
2001-11-01,7.631495928616886,16.51991018790839,MODIS/061/MOD16A2GF,2001_11_01
2001-11-09,6.47168424753697,20.788564164313623,MODIS/061/MOD16A2GF,2001_11_09
2001-11-17,3.985489954979781,21.27333458110544,MODIS/061/MOD16A2GF,2001_11_17
2001-11-25,6.77784846035992,15.964039576063586,MODIS/061/MOD16A2GF,2001_11_25
2001-12-03,4.7826988108753445,11.908937603435014,MODIS/061/MOD16A2GF,2001_12_03
2001-12-11,6.056663796949946,0.285571550169307,MODIS/061/MOD16A2GF,2001_12_11
2001-12-19,5.7965358669116,0.5579265106253886,MODIS/061/MOD16A2GF,2001_12_19
2001-12-27,4.1885797638019335,1.661688609683205,MODIS/061/MOD16A2GF,2001_12_27
2002-01-01,6.983125489828472,3.6408770034451563,MODIS/061/MOD16A2GF,2002_01_01
2002-01-09,5.074996184181936,0.19038280395525897,MODIS/061/MOD16A2GF,2002_01_09
2002-01-17,6.588884774290089,0.3426865710602765,MODIS/061/MOD16A2GF,2002_01_17
2002-01-25,7.196001361337909,0.2379768586439227,MODIS/061/MOD16A2GF,2002_01_25
2002-02-02,6.300000822083955,0.10470936488885234,MODIS/061/MOD16A2GF,2002_02_02
2002-02-10,8.240569661208568,0.42141058758280275,MODIS/061/MOD16A2GF,2002_02_10
2002-02-18,8.047669908742002,0.8674611906165622,MODIS/061/MOD16A2GF,2002_02_18
2002-02-26,10.645229666557702,3.6571081948187927,MODIS/061/MOD16A2GF,2002_02_26
2002-03-06,7.424382343514709,5.064408452862557,MODIS/061/MOD16A2GF,2002_03_06
2002-03-14,9.108995405913271,4.7422206806404885,MODIS/061/MOD16A2GF,2002_03_14
2002-03-22,,0.0,MODIS/061/MOD16A2GF,2002_03_22
2002-03-30,12.446876157336728,15.042338421900087,MODIS/061/MOD16A2GF,2002_03_30
2002-04-07,11.127316759771176,20.95227306900705,MODIS/061/MOD16A2GF,2002_04_07
2002-04-15,17.5719334298169,12.303098723941723,MODIS/061/MOD16A2GF,2002_04_15
2002-04-23,12.688289172199992,29.539838049181355,MODIS/061/MOD16A2GF,2002_04_23
2002-05-01,15.551217416527715,33.41504176610878,MODIS/061/MOD16A2GF,2002_05_01
2002-05-09,17.282360339619245,35.07320262359845,MODIS/061/MOD16A2GF,2002_05_09
2002-05-17,15.970891608574073,41.13716809641041,MODIS/061/MOD16A2GF,2002_05_17
2002-05-25,14.385888164052147,45.383129895863604,MODIS/061/MOD16A2GF,2002_05_25
2002-06-02,13.712608203943775,49.73426565131446,MODIS/061/MOD16A2GF,2002_06_02
2002-06-10,13.062182470177499,57.337837086717,MODIS/061/MOD16A2GF,2002_06_10
2002-06-18,14.75801850572932,63.90255476099938,MODIS/061/MOD16A2GF,2002_06_18
2002-06-26,11.018631305153509,65.25502258020748,MODIS/061/MOD16A2GF,2002_06_26
2002-07-04,11.609779054246593,77.15216694441924,MODIS/061/MOD16A2GF,2002_07_04
2002-07-12,9.059630543466731,85.917278155852,MODIS/061/MOD16A2GF,2002_07_12
2002-07-20,7.7910169341658415,88.99565778178109,MODIS/061/MOD16A2GF,2002_07_20
2002-07-28,5.797700118963102,90.82190352929942,MODIS/061/MOD16A2GF,2002_07_28
2002-08-05,5.745391265073698,94.95891229862008,MODIS/061/MOD16A2GF,2002_08_05
2002-08-13,4.971437566217474,96.29479134641933,MODIS/061/MOD16A2GF,2002_08_13
2002-08-21,3.5506526700981933,97.77544903383212,MODIS/061/MOD16A2GF,2002_08_21
2002-08-29,2.8565036273909,96.83996357074604,MODIS/061/MOD16A2GF,2002_08_29
2002-09-06,1.9888885473714855,97.26159480208695,MODIS/061/MOD16A2GF,2002_09_06
2002-09-14,1.622387152640218,97.93266115430404,MODIS/061/MOD16A2GF,2002_09_14
2002-09-22,1.1972099790658313,97.81361227143925,MODIS/061/MOD16A2GF,2002_09_22
2002-09-30,1.6193273642183306,97.94509403444478,MODIS/061/MOD16A2GF,2002_09_30
2002-10-08,3.654119864900983,95.73725904943521,MODIS/061/MOD16A2GF,2002_10_08
2002-10-16,4.612902201001486,49.23414575988929,MODIS/061/MOD16A2GF,2002_10_16
2002-10-24,7.01880867046072,55.89554422670619,MODIS/061/MOD16A2GF,2002_10_24
2002-11-01,6.918451405513041,55.31984555563978,MODIS/061/MOD16A2GF,2002_11_01
2002-11-09,8.378614913311813,52.35495609954593,MODIS/061/MOD16A2GF,2002_11_09
2002-11-17,5.993445174113062,29.256278221596965,MODIS/061/MOD16A2GF,2002_11_17
2002-11-25,6.752299139568184,27.21657170049127,MODIS/061/MOD16A2GF,2002_11_25
2002-12-03,4.947890029907275,0.4568799034429318,MODIS/061/MOD16A2GF,2002_12_03
2002-12-11,,0.0,MODIS/061/MOD16A2GF,2002_12_11
2002-12-19,6.915710804746524,0.28124010325043197,MODIS/061/MOD16A2GF,2002_12_19
2002-12-27,3.4090882880106057,0.2094191586919885,MODIS/061/MOD16A2GF,2002_12_27
2003-01-01,4.781842111928976,0.4499681011150912,MODIS/061/MOD16A2GF,2003_01_01
2003-01-09,7.104447446384879,0.7768228081328201,MODIS/061/MOD16A2GF,2003_01_09
2003-01-17,7.554433823712369,0.47677024378387645,MODIS/061/MOD16A2GF,2003_01_17
2003-01-25,8.013457464465516,1.9766292546070026,MODIS/061/MOD16A2GF,2003_01_25
2003-02-02,7.585746999992731,0.9956512137485358,MODIS/061/MOD16A2GF,2003_02_02
2003-02-10,7.111721184760438,2.1866494793324223,MODIS/061/MOD16A2GF,2003_02_10
2003-02-18,7.566666890642759,0.028557022124790412,MODIS/061/MOD16A2GF,2003_02_18
2003-02-26,7.355555639459717,0.08567126597991052,MODIS/061/MOD16A2GF,2003_02_26
2003-03-06,9.704621133281142,0.39815617008324433,MODIS/061/MOD16A2GF,2003_03_06
2003-03-14,11.462183353100773,1.6901293444327126,MODIS/061/MOD16A2GF,2003_03_14
2003-03-22,14.923753376128854,0.9614356477660136,MODIS/061/MOD16A2GF,2003_03_22
2003-03-30,12.759903193401998,8.223536265687642,MODIS/061/MOD16A2GF,2003_03_30
2003-04-07,15.536675172959928,13.288952030408575,MODIS/061/MOD16A2GF,2003_04_07
2003-04-15,15.223654185700912,14.02992094242781,MODIS/061/MOD16A2GF,2003_04_15
2003-04-23,11.090074176173054,22.055367156427923,MODIS/061/MOD16A2GF,2003_04_23
2003-05-01,12.5768125310869,27.065156209001945,MODIS/061/MOD16A2GF,2003_05_01
2003-05-09,16.385682692814633,31.073196522896865,MODIS/061/MOD16A2GF,2003_05_09
2003-05-17,17.274883879613338,41.79144945847846,MODIS/061/MOD16A2GF,2003_05_17
2003-05-25,18.74061416849004,42.51944745630493,MODIS/061/MOD16A2GF,2003_05_25
2003-06-02,18.228257295553387,56.690633601595046,MODIS/061/MOD16A2GF,2003_06_02
2003-06-10,16.41376476935962,64.9823914553561,MODIS/061/MOD16A2GF,2003_06_10
2003-06-18,16.406456114029577,72.12298067585223,MODIS/061/MOD16A2GF,2003_06_18
2003-06-26,14.35123030910559,80.9663386119087,MODIS/061/MOD16A2GF,2003_06_26
2003-07-04,12.699420275406748,87.61938407732393,MODIS/061/MOD16A2GF,2003_07_04
2003-07-12,13.548687113022861,89.34107103557899,MODIS/061/MOD16A2GF,2003_07_12
2003-07-20,8.994407022072817,94.06763550230721,MODIS/061/MOD16A2GF,2003_07_20
2003-07-28,6.662681064278036,95.45585303134641,MODIS/061/MOD16A2GF,2003_07_28
2003-08-05,5.795118717233398,96.65292863144377,MODIS/061/MOD16A2GF,2003_08_05
2003-08-13,4.229845253722508,97.7455116818838,MODIS/061/MOD16A2GF,2003_08_13
2003-08-21,3.8280111688477976,96.52107151514652,MODIS/061/MOD16A2GF,2003_08_21
2003-08-29,3.3140207702550124,97.6443412434085,MODIS/061/MOD16A2GF,2003_08_29
2003-09-06,2.776007215426455,97.61488951948324,MODIS/061/MOD16A2GF,2003_09_06
2003-09-14,2.39597162993685,96.27081793732219,MODIS/061/MOD16A2GF,2003_09_14
2003-09-22,3.4900886590033084,97.71609359554552,MODIS/061/MOD16A2GF,2003_09_22
2003-09-30,6.043233297791297,96.63487753640729,MODIS/061/MOD16A2GF,2003_09_30
2003-10-08,5.090508735098738,54.0627364367076,MODIS/061/MOD16A2GF,2003_10_08
2003-10-16,4.056833330246442,58.26915193434392,MODIS/061/MOD16A2GF,2003_10_16
2003-10-24,3.261000760485795,56.85336936258852,MODIS/061/MOD16A2GF,2003_10_24
2003-11-01,6.835807521666663,29.56096658555761,MODIS/061/MOD16A2GF,2003_11_01
2003-11-09,6.632386956939306,16.13714676773849,MODIS/061/MOD16A2GF,2003_11_09
2003-11-17,6.508690633452992,4.459256164553611,MODIS/061/MOD16A2GF,2003_11_17
2003-11-25,7.588718396038982,9.328435175559457,MODIS/061/MOD16A2GF,2003_11_25
2003-12-03,7.21906107605087,10.32344313358266,MODIS/061/MOD16A2GF,2003_12_03
2003-12-11,3.010377264731203,1.0090220930875562,MODIS/061/MOD16A2GF,2003_12_11
2003-12-19,5.568445842379283,0.08824800532299838,MODIS/061/MOD16A2GF,2003_12_19
2003-12-27,2.9790073396349146,0.4248487574463048,MODIS/061/MOD16A2GF,2003_12_27
2004-01-01,6.347057299281546,0.16182335983111243,MODIS/061/MOD16A2GF,2004_01_01
2004-01-09,6.812926268042116,0.250069499198757,MODIS/061/MOD16A2GF,2004_01_09
2004-01-17,7.24565400033938,1.0159895054464219,MODIS/061/MOD16A2GF,2004_01_17
2004-01-25,6.078989160153484,0.259587875875629,MODIS/061/MOD16A2GF,2004_01_25
2004-02-02,7.091487246356861,0.47669422003284584,MODIS/061/MOD16A2GF,2004_02_02
2004-02-10,8.756818291165388,0.7406861694099827,MODIS/061/MOD16A2GF,2004_02_10
2004-02-18,10.08881260173866,2.0147075708574844,MODIS/061/MOD16A2GF,2004_02_18
2004-02-26,10.055861056727258,4.4653754882960826,MODIS/061/MOD16A2GF,2004_02_26
2004-03-05,10.491882917823718,6.336587567513856,MODIS/061/MOD16A2GF,2004_03_05
2004-03-13,11.133473965813966,6.240927359662549,MODIS/061/MOD16A2GF,2004_03_13
2004-03-21,11.094956659596193,9.579517638670625,MODIS/061/MOD16A2GF,2004_03_21
2004-03-29,9.807268183128986,11.675042054674885,MODIS/061/MOD16A2GF,2004_03_29
2004-04-06,11.625179939829449,20.09408856809796,MODIS/061/MOD16A2GF,2004_04_06
2004-04-14,9.841859548680786,24.05867219307461,MODIS/061/MOD16A2GF,2004_04_14
2004-04-22,15.409927363311343,28.156289045731977,MODIS/061/MOD16A2GF,2004_04_22
2004-04-30,12.32830163175142,37.319332060042846,MODIS/061/MOD16A2GF,2004_04_30
2004-05-08,12.214095620418053,47.79471381589461,MODIS/061/MOD16A2GF,2004_05_08
2004-05-16,15.157283613764765,55.30991749541479,MODIS/061/MOD16A2GF,2004_05_16
2004-05-24,15.033198608372096,61.717421491894385,MODIS/061/MOD16A2GF,2004_05_24
2004-06-01,14.522731710537256,66.54904535450612,MODIS/061/MOD16A2GF,2004_06_01
2004-06-09,12.323887548174033,74.93204995477105,MODIS/061/MOD16A2GF,2004_06_09
2004-06-17,10.756083571017951,85.40057907025393,MODIS/061/MOD16A2GF,2004_06_17
2004-06-25,8.712975705251342,89.36231076931705,MODIS/061/MOD16A2GF,2004_06_25
2004-07-03,7.122708218191365,94.39597385804379,MODIS/061/MOD16A2GF,2004_07_03
2004-07-11,11.80211336891325,77.82242190831958,MODIS/061/MOD16A2GF,2004_07_11
2004-07-19,9.420875741380856,95.50143812821288,MODIS/061/MOD16A2GF,2004_07_19
2004-07-27,7.898204458818674,93.87901547142425,MODIS/061/MOD16A2GF,2004_07_27
2004-08-04,4.173167384648821,97.4374756629189,MODIS/061/MOD16A2GF,2004_08_04
2004-08-12,3.9097190960552552,98.30449454213691,MODIS/061/MOD16A2GF,2004_08_12
2004-08-20,2.64822204335992,98.48813744726039,MODIS/061/MOD16A2GF,2004_08_20
2004-08-28,2.021863059788276,98.61010539178702,MODIS/061/MOD16A2GF,2004_08_28
2004-09-05,2.0100658489834475,98.04279686345971,MODIS/061/MOD16A2GF,2004_09_05
2004-09-13,4.596196706529473,96.79938279507608,MODIS/061/MOD16A2GF,2004_09_13
2004-09-21,2.2634312968671426,93.04571453905162,MODIS/061/MOD16A2GF,2004_09_21
2004-09-29,2.101448020466809,95.18652983756716,MODIS/061/MOD16A2GF,2004_09_29
2004-10-07,4.542162228437638,92.08822929134179,MODIS/061/MOD16A2GF,2004_10_07
2004-10-15,3.632990777655922,48.45730465140203,MODIS/061/MOD16A2GF,2004_10_15
2004-10-23,6.652119764030314,46.50259333586744,MODIS/061/MOD16A2GF,2004_10_23
2004-10-31,7.4458611869531595,34.18343549246415,MODIS/061/MOD16A2GF,2004_10_31
2004-11-08,8.14093576871864,25.9542920306936,MODIS/061/MOD16A2GF,2004_11_08
2004-11-16,7.386208422568664,20.08181666627891,MODIS/061/MOD16A2GF,2004_11_16
2004-11-24,5.910147132952273,21.02592466318404,MODIS/061/MOD16A2GF,2004_11_24
2004-12-02,6.150193841558536,7.113938470458754,MODIS/061/MOD16A2GF,2004_12_02
2004-12-10,5.641047231037156,3.9516327437600784,MODIS/061/MOD16A2GF,2004_12_10
2004-12-18,5.284825268244357,0.25342913242006415,MODIS/061/MOD16A2GF,2004_12_18
2004-12-26,4.433188862562245,0.30232928004917636,MODIS/061/MOD16A2GF,2004_12_26
2005-01-01,5.799997203666179,0.13326606800121835,MODIS/061/MOD16A2GF,2005_01_01
2005-01-09,5.487496025593346,0.07615245147779313,MODIS/061/MOD16A2GF,2005_01_09
2005-01-17,5.664286280098462,0.13326618800216758,MODIS/061/MOD16A2GF,2005_01_17
2005-01-25,4.375001555320283,0.07615250197324207,MODIS/061/MOD16A2GF,2005_01_25
2005-02-02,5.914284081500239,0.0666337367784454,MODIS/061/MOD16A2GF,2005_02_02
2005-02-10,6.049999986738355,0.03807630534348664,MODIS/061/MOD16A2GF,2005_02_10
2005-02-18,6.80000455876534,0.019038656141072318,MODIS/061/MOD16A2GF,2005_02_18
2005-02-26,6.9,0.009519183415926589,MODIS/061/MOD16A2GF,2005_02_26
2005-03-06,11.207776798733025,0.08832097796078557,MODIS/061/MOD16A2GF,2005_03_06
2005-03-14,14.517039392121035,7.549882582148489,MODIS/061/MOD16A2GF,2005_03_14
2005-03-22,11.6760032647765,11.260166589368726,MODIS/061/MOD16A2GF,2005_03_22
2005-03-30,12.47421526470529,11.56313693875437,MODIS/061/MOD16A2GF,2005_03_30
2005-04-07,14.488133797486212,14.37052924298249,MODIS/061/MOD16A2GF,2005_04_07
2005-04-15,5.903187566251282,21.668262181091453,MODIS/061/MOD16A2GF,2005_04_15
2005-04-23,17.71882808422189,28.77995674763195,MODIS/061/MOD16A2GF,2005_04_23
2005-05-01,14.362979763443095,33.19262596637173,MODIS/061/MOD16A2GF,2005_05_01
2005-05-09,15.467514109657216,39.635267187588354,MODIS/061/MOD16A2GF,2005_05_09
2005-05-17,14.44121501693069,39.80549540508918,MODIS/061/MOD16A2GF,2005_05_17
2005-05-25,15.389435086861232,50.6205281829113,MODIS/061/MOD16A2GF,2005_05_25
2005-06-02,13.93624538970486,59.81816764590765,MODIS/061/MOD16A2GF,2005_06_02
2005-06-10,14.824916488992823,70.07506492868602,MODIS/061/MOD16A2GF,2005_06_10
2005-06-18,10.454720963184139,81.60217334193614,MODIS/061/MOD16A2GF,2005_06_18
2005-06-26,9.2741987951397,87.16929736577038,MODIS/061/MOD16A2GF,2005_06_26
2005-07-04,7.059945455246267,93.9093863056902,MODIS/061/MOD16A2GF,2005_07_04
2005-07-12,6.586851156258651,95.8777555298675,MODIS/061/MOD16A2GF,2005_07_12
2005-07-20,5.400287243643193,97.40854054115572,MODIS/061/MOD16A2GF,2005_07_20
2005-07-28,5.71143595358026,96.86484450859892,MODIS/061/MOD16A2GF,2005_07_28
2005-08-05,5.995214062274226,97.85927502344992,MODIS/061/MOD16A2GF,2005_08_05
2005-08-13,3.7363095160649977,98.33626599000479,MODIS/061/MOD16A2GF,2005_08_13
2005-08-21,4.4099495132362065,96.16364679220112,MODIS/061/MOD16A2GF,2005_08_21
2005-08-29,2.851488760597506,97.21027154890308,MODIS/061/MOD16A2GF,2005_08_29
2005-09-06,1.8655640120627,97.9024654972071,MODIS/061/MOD16A2GF,2005_09_06
2005-09-14,1.5824612683998986,97.52812929341145,MODIS/061/MOD16A2GF,2005_09_14
2005-09-22,1.619772680794725,96.32918489098613,MODIS/061/MOD16A2GF,2005_09_22
2005-09-30,3.6203255444394387,94.10927379977261,MODIS/061/MOD16A2GF,2005_09_30
2005-10-08,3.4005311184237548,91.4447981499882,MODIS/061/MOD16A2GF,2005_10_08
2005-10-16,3.5075990287783707,85.14380636222818,MODIS/061/MOD16A2GF,2005_10_16
2005-10-24,4.183297075336172,76.48467397761627,MODIS/061/MOD16A2GF,2005_10_24
2005-11-01,4.283894743968417,83.12999174060515,MODIS/061/MOD16A2GF,2005_11_01
2005-11-09,6.628062458192391,6.2873624559188075,MODIS/061/MOD16A2GF,2005_11_09
2005-11-17,4.335457545495443,12.642454141297753,MODIS/061/MOD16A2GF,2005_11_17
2005-11-25,6.295576749976979,9.873726833669574,MODIS/061/MOD16A2GF,2005_11_25
2005-12-03,6.2656261628932945,1.4763751253116126,MODIS/061/MOD16A2GF,2005_12_03
2005-12-11,4.744848770696333,2.5461705773436347,MODIS/061/MOD16A2GF,2005_12_11
2005-12-19,5.316656935187632,5.580770337335629,MODIS/061/MOD16A2GF,2005_12_19
2005-12-27,2.708333124743045,0.22845666769527403,MODIS/061/MOD16A2GF,2005_12_27
2006-01-01,5.8814797793114915,0.25701428804261817,MODIS/061/MOD16A2GF,2006_01_01
2006-01-09,5.778570701038706,0.1332661779030778,MODIS/061/MOD16A2GF,2006_01_09
2006-01-17,6.678565883454328,0.13326635731043748,MODIS/061/MOD16A2GF,2006_01_17
2006-01-25,,0.0,MODIS/061/MOD16A2GF,2006_01_25
2006-02-02,8.342861236829023,0.06663314865498145,MODIS/061/MOD16A2GF,2006_02_02
2006-02-10,6.447196108621088,0.92912567107227,MODIS/061/MOD16A2GF,2006_02_10
2006-02-18,9.121264126310187,1.25926554989063,MODIS/061/MOD16A2GF,2006_02_18
2006-02-26,10.927153260325753,2.741555039653122,MODIS/061/MOD16A2GF,2006_02_26
2006-03-06,8.507676634474752,6.556680878193842,MODIS/061/MOD16A2GF,2006_03_06
2006-03-14,11.664459362733707,7.203137129899017,MODIS/061/MOD16A2GF,2006_03_14
2006-03-22,13.678327657728689,11.434791149929014,MODIS/061/MOD16A2GF,2006_03_22
2006-03-30,12.104408662698921,17.160093297922877,MODIS/061/MOD16A2GF,2006_03_30
2006-04-07,10.17333290928062,21.73556324141753,MODIS/061/MOD16A2GF,2006_04_07
2006-04-15,11.253272139676856,27.949217534068918,MODIS/061/MOD16A2GF,2006_04_15
2006-04-23,12.61571897387323,36.52817713841432,MODIS/061/MOD16A2GF,2006_04_23
2006-05-01,15.489432138990946,45.51975518726575,MODIS/061/MOD16A2GF,2006_05_01
2006-05-09,9.530226617329397,56.793550739254314,MODIS/061/MOD16A2GF,2006_05_09
2006-05-17,13.1730241335448,65.80789863101401,MODIS/061/MOD16A2GF,2006_05_17
2006-05-25,15.337243312619915,68.40651587460245,MODIS/061/MOD16A2GF,2006_05_25
2006-06-02,12.084477808944696,80.038125551121,MODIS/061/MOD16A2GF,2006_06_02
2006-06-10,12.045697076932816,83.88067025028971,MODIS/061/MOD16A2GF,2006_06_10
2006-06-18,9.069428900853888,89.06240668773376,MODIS/061/MOD16A2GF,2006_06_18
2006-06-26,10.197397101988889,89.60237493317982,MODIS/061/MOD16A2GF,2006_06_26
2006-07-04,7.612393925797805,95.80790116621363,MODIS/061/MOD16A2GF,2006_07_04
2006-07-12,9.054982511215472,89.93856172413004,MODIS/061/MOD16A2GF,2006_07_12
2006-07-20,5.3572923311534675,97.37128458133672,MODIS/061/MOD16A2GF,2006_07_20
2006-07-28,4.252147211213027,98.34395710619184,MODIS/061/MOD16A2GF,2006_07_28
2006-08-05,3.1213012185200433,98.42948754248701,MODIS/061/MOD16A2GF,2006_08_05
2006-08-13,2.4001523623431242,98.55716766771265,MODIS/061/MOD16A2GF,2006_08_13
2006-08-21,1.7461903023039744,98.2714241294549,MODIS/061/MOD16A2GF,2006_08_21
2006-08-29,1.5613966636049412,98.54988743030275,MODIS/061/MOD16A2GF,2006_08_29
2006-09-06,1.6458374929094999,98.28400355482238,MODIS/061/MOD16A2GF,2006_09_06
2006-09-14,5.697269451805758,73.27802394527994,MODIS/061/MOD16A2GF,2006_09_14
2006-09-22,2.583200154627941,87.55778080935478,MODIS/061/MOD16A2GF,2006_09_22
2006-09-30,5.543573366705954,77.54496409543222,MODIS/061/MOD16A2GF,2006_09_30
2006-10-08,5.26133486634336,82.14192524687536,MODIS/061/MOD16A2GF,2006_10_08
2006-10-16,9.69855829729539,39.14775266193153,MODIS/061/MOD16A2GF,2006_10_16
2006-10-24,8.866058753876437,31.041723728401283,MODIS/061/MOD16A2GF,2006_10_24
2006-11-01,8.263536162571619,37.36953728430851,MODIS/061/MOD16A2GF,2006_11_01
2006-11-09,6.946319809949901,33.75945249311121,MODIS/061/MOD16A2GF,2006_11_09
2006-11-17,6.147138540950161,19.628766341980757,MODIS/061/MOD16A2GF,2006_11_17
2006-11-25,5.654718563426166,4.893584668700868,MODIS/061/MOD16A2GF,2006_11_25
2006-12-03,6.200189691338248,0.23790012617441492,MODIS/061/MOD16A2GF,2006_12_03
2006-12-11,6.986908195806971,1.1833078574886247,MODIS/061/MOD16A2GF,2006_12_11
2006-12-19,5.486366953195443,0.16622809452596926,MODIS/061/MOD16A2GF,2006_12_19
2006-12-27,3.3720004016478873,0.23797595091397025,MODIS/061/MOD16A2GF,2006_12_27
2007-01-01,3.980001026984825,0.14278600228441374,MODIS/061/MOD16A2GF,2007_01_01
2007-01-09,6.135711861382101,0.1332665420754677,MODIS/061/MOD16A2GF,2007_01_09
2007-01-17,5.938891319311027,0.17134324468230064,MODIS/061/MOD16A2GF,2007_01_17
2007-01-25,2.8312664830139047,1.3156868218918172,MODIS/061/MOD16A2GF,2007_01_25
2007-02-02,9.026049574558646,1.7777856887165462,MODIS/061/MOD16A2GF,2007_02_02
2007-02-10,9.20166619446804,5.942408112109352,MODIS/061/MOD16A2GF,2007_02_10
2007-02-18,5.567354928597063,0.10840742886252423,MODIS/061/MOD16A2GF,2007_02_18
2007-02-26,7.41629520090051,1.3530470129661796,MODIS/061/MOD16A2GF,2007_02_26
2007-03-06,9.91603160199375,4.4833508793999695,MODIS/061/MOD16A2GF,2007_03_06
2007-03-14,11.67290798264677,5.954500772803172,MODIS/061/MOD16A2GF,2007_03_14
2007-03-22,11.996582282972998,10.041186612335173,MODIS/061/MOD16A2GF,2007_03_22
2007-03-30,15.018297117763009,8.348100903505177,MODIS/061/MOD16A2GF,2007_03_30
2007-04-07,15.383737186009157,19.177876300258944,MODIS/061/MOD16A2GF,2007_04_07
2007-04-15,12.456277551904307,29.583471350453706,MODIS/061/MOD16A2GF,2007_04_15
2007-04-23,15.219871665050407,35.63221458685064,MODIS/061/MOD16A2GF,2007_04_23
2007-05-01,13.487767029121164,40.37775240868122,MODIS/061/MOD16A2GF,2007_05_01
2007-05-09,10.995271743782466,55.34590976980768,MODIS/061/MOD16A2GF,2007_05_09
2007-05-17,15.022591291310869,56.041312183724166,MODIS/061/MOD16A2GF,2007_05_17
2007-05-25,13.305282845479917,66.35228900218968,MODIS/061/MOD16A2GF,2007_05_25
2007-06-02,12.781942883695203,67.38430759617539,MODIS/061/MOD16A2GF,2007_06_02
2007-06-10,12.312326270616717,79.27691711855059,MODIS/061/MOD16A2GF,2007_06_10
2007-06-18,10.833726570179895,83.91549516663117,MODIS/061/MOD16A2GF,2007_06_18
2007-06-26,8.314846722630733,91.73313178643437,MODIS/061/MOD16A2GF,2007_06_26
2007-07-04,8.568060717981162,90.30073755484754,MODIS/061/MOD16A2GF,2007_07_04
2007-07-12,7.518461264530477,95.41846821491364,MODIS/061/MOD16A2GF,2007_07_12
2007-07-20,6.425433577591658,92.15046140584688,MODIS/061/MOD16A2GF,2007_07_20
2007-07-28,4.869013940342282,97.36515369334549,MODIS/061/MOD16A2GF,2007_07_28
2007-08-05,3.586093685241576,98.18655816917394,MODIS/061/MOD16A2GF,2007_08_05
2007-08-13,2.4186560102216172,98.493360069557,MODIS/061/MOD16A2GF,2007_08_13
2007-08-21,2.0568331312301362,98.64571623545125,MODIS/061/MOD16A2GF,2007_08_21
2007-08-29,1.792189980700918,98.38125344271633,MODIS/061/MOD16A2GF,2007_08_29
2007-09-06,1.2663504190150277,98.46484021869769,MODIS/061/MOD16A2GF,2007_09_06
2007-09-14,1.1542164552860181,98.2411787343113,MODIS/061/MOD16A2GF,2007_09_14
2007-09-22,3.029880168391088,97.86982981898102,MODIS/061/MOD16A2GF,2007_09_22
2007-09-30,3.9715146747585073,93.48321768525823,MODIS/061/MOD16A2GF,2007_09_30
2007-10-08,1.255847391536317,95.0133785587674,MODIS/061/MOD16A2GF,2007_10_08
2007-10-16,2.95669686410836,92.57575206398697,MODIS/061/MOD16A2GF,2007_10_16
2007-10-24,2.4300624514762963,87.31588773902953,MODIS/061/MOD16A2GF,2007_10_24
2007-11-01,1.9172495993922327,92.15596431822574,MODIS/061/MOD16A2GF,2007_11_01
2007-11-09,7.1223653260905255,30.88081335310935,MODIS/061/MOD16A2GF,2007_11_09
2007-11-17,5.064844802420481,32.66323899441907,MODIS/061/MOD16A2GF,2007_11_17
2007-11-25,7.910799674328446,15.307377386238754,MODIS/061/MOD16A2GF,2007_11_25
2007-12-03,5.297247747368837,13.86813023519056,MODIS/061/MOD16A2GF,2007_12_03
2007-12-11,7.152744451163237,0.39830530627323185,MODIS/061/MOD16A2GF,2007_12_11
2007-12-19,4.0,0.019038560414372033,MODIS/061/MOD16A2GF,2007_12_19
2007-12-27,3.9235330655271983,0.16182486270171917,MODIS/061/MOD16A2GF,2007_12_27
2008-01-01,5.960002709984155,0.14278693021427902,MODIS/061/MOD16A2GF,2008_01_01
2008-01-09,5.618177250295063,0.1047100184964905,MODIS/061/MOD16A2GF,2008_01_09
2008-01-17,4.490906965378958,0.10470979869236109,MODIS/061/MOD16A2GF,2008_01_17
2008-01-25,6.007692124161326,0.12374788029017011,MODIS/061/MOD16A2GF,2008_01_25
2008-02-02,4.969231843792184,0.1237478303886921,MODIS/061/MOD16A2GF,2008_02_02
2008-02-10,6.128570922433735,0.06663390460828526,MODIS/061/MOD16A2GF,2008_02_10
2008-02-18,7.52500001833199,0.038076971718375194,MODIS/061/MOD16A2GF,2008_02_18
2008-02-26,11.287500503952238,0.07615129034150178,MODIS/061/MOD16A2GF,2008_02_26
2008-03-05,12.146872855179103,2.854561328956025,MODIS/061/MOD16A2GF,2008_03_05
2008-03-13,10.625307734708363,13.003438208054616,MODIS/061/MOD16A2GF,2008_03_13
2008-03-21,10.528307365627386,22.37453126852414,MODIS/061/MOD16A2GF,2008_03_21
2008-03-29,7.717736127271117,31.95389184912634,MODIS/061/MOD16A2GF,2008_03_29
2008-04-06,11.7556946551721,29.600456682931622,MODIS/061/MOD16A2GF,2008_04_06
2008-04-14,10.283070665262525,34.58801127730716,MODIS/061/MOD16A2GF,2008_04_14
2008-04-22,10.162082728564974,45.09003968271951,MODIS/061/MOD16A2GF,2008_04_22
2008-04-30,10.41916938343851,52.939181613015016,MODIS/061/MOD16A2GF,2008_04_30
2008-05-08,10.971386753779667,66.05791914809264,MODIS/061/MOD16A2GF,2008_05_08
2008-05-16,11.957504618922304,73.00220707444568,MODIS/061/MOD16A2GF,2008_05_16
2008-05-24,14.47930358026261,76.72990556471252,MODIS/061/MOD16A2GF,2008_05_24
2008-06-01,10.586952114041507,88.43596681367647,MODIS/061/MOD16A2GF,2008_06_01
2008-06-09,8.265264681659746,94.1148920659826,MODIS/061/MOD16A2GF,2008_06_09
2008-06-17,6.863134861780436,96.50318211667236,MODIS/061/MOD16A2GF,2008_06_17
2008-06-25,6.759677746132595,97.8003113598708,MODIS/061/MOD16A2GF,2008_06_25
2008-07-03,5.289683557725736,98.59135875101553,MODIS/061/MOD16A2GF,2008_07_03
2008-07-11,4.6121966125688365,98.35332435413663,MODIS/061/MOD16A2GF,2008_07_11
2008-07-19,7.668973660807804,96.7530081914675,MODIS/061/MOD16A2GF,2008_07_19
2008-07-27,2.794083463413592,98.77138001339388,MODIS/061/MOD16A2GF,2008_07_27
2008-08-04,2.1702054891353186,98.4905276296171,MODIS/061/MOD16A2GF,2008_08_04
2008-08-12,2.249096056026091,98.49276589909728,MODIS/061/MOD16A2GF,2008_08_12
2008-08-20,1.541620105964505,98.54600457935177,MODIS/061/MOD16A2GF,2008_08_20
2008-08-28,1.59432411980314,98.40809581249081,MODIS/061/MOD16A2GF,2008_08_28
2008-09-05,1.1800363066732837,98.46708049296163,MODIS/061/MOD16A2GF,2008_09_05
2008-09-13,1.8542930616694087,98.0835970927988,MODIS/061/MOD16A2GF,2008_09_13
2008-09-21,3.293667899484336,96.33308361754021,MODIS/061/MOD16A2GF,2008_09_21
2008-09-29,5.0705441639175985,71.86258147496963,MODIS/061/MOD16A2GF,2008_09_29
2008-10-07,7.129642603215544,72.01222810687821,MODIS/061/MOD16A2GF,2008_10_07
2008-10-15,6.2570462078236755,42.66779084867873,MODIS/061/MOD16A2GF,2008_10_15
2008-10-23,7.205946333673424,25.12469948825362,MODIS/061/MOD16A2GF,2008_10_23
2008-10-31,6.681191089540635,9.967509533179829,MODIS/061/MOD16A2GF,2008_10_31
2008-11-08,6.239628125021376,7.367838315206626,MODIS/061/MOD16A2GF,2008_11_08
2008-11-16,7.550515139464753,9.166862852815031,MODIS/061/MOD16A2GF,2008_11_16
2008-11-24,6.941769762208965,12.39968638968885,MODIS/061/MOD16A2GF,2008_11_24
2008-12-02,7.367341900018077,14.276978975449751,MODIS/061/MOD16A2GF,2008_12_02
2008-12-10,6.374931586892852,14.478469533422844,MODIS/061/MOD16A2GF,2008_12_10
2008-12-18,,0.0,MODIS/061/MOD16A2GF,2008_12_18
2008-12-26,,0.0,MODIS/061/MOD16A2GF,2008_12_26
2009-01-01,6.23076804871048,0.12374777038810542,MODIS/061/MOD16A2GF,2009_01_01
2009-01-09,6.674998767831013,0.11422856978565815,MODIS/061/MOD16A2GF,2009_01_09
2009-01-17,7.585833603685292,0.31304461007354323,MODIS/061/MOD16A2GF,2009_01_17
2009-01-25,6.686244939304389,0.12266419865386409,MODIS/061/MOD16A2GF,2009_01_25
2009-02-02,6.4749994207760775,0.03807624339442204,MODIS/061/MOD16A2GF,2009_02_02
2009-02-10,8.702190699752649,0.6096258359084264,MODIS/061/MOD16A2GF,2009_02_10
2009-02-18,7.887784231226333,0.8612655892389061,MODIS/061/MOD16A2GF,2009_02_18
2009-02-26,8.327448108045816,0.15435682574297693,MODIS/061/MOD16A2GF,2009_02_26
2009-03-06,7.742938487492333,2.004823918812291,MODIS/061/MOD16A2GF,2009_03_06
2009-03-14,9.890641999559415,2.6198059349670575,MODIS/061/MOD16A2GF,2009_03_14
2009-03-22,12.611844728906863,11.232541679612735,MODIS/061/MOD16A2GF,2009_03_22
2009-03-30,11.91104047345803,14.97725911773804,MODIS/061/MOD16A2GF,2009_03_30
2009-04-07,14.11773893274281,18.662151910690227,MODIS/061/MOD16A2GF,2009_04_07
2009-04-15,13.82128580804243,19.233966854390534,MODIS/061/MOD16A2GF,2009_04_15
2009-04-23,11.760233947108722,23.882997391847347,MODIS/061/MOD16A2GF,2009_04_23
2009-05-01,16.893070335462642,28.866189873732548,MODIS/061/MOD16A2GF,2009_05_01
2009-05-09,17.240204953719804,34.25789580084307,MODIS/061/MOD16A2GF,2009_05_09
2009-05-17,15.961044582041934,39.1025854154654,MODIS/061/MOD16A2GF,2009_05_17
2009-05-25,14.505766189052121,45.92624572703377,MODIS/061/MOD16A2GF,2009_05_25
2009-06-02,15.252928289239408,49.550688909053775,MODIS/061/MOD16A2GF,2009_06_02
2009-06-10,14.821544777999037,60.81629937423194,MODIS/061/MOD16A2GF,2009_06_10
2009-06-18,13.73885508400586,67.27816471003769,MODIS/061/MOD16A2GF,2009_06_18
2009-06-26,10.398180378345316,75.03006336557372,MODIS/061/MOD16A2GF,2009_06_26
2009-07-04,8.86116725582805,80.83701057368775,MODIS/061/MOD16A2GF,2009_07_04
2009-07-12,8.544403024556582,84.75417999363347,MODIS/061/MOD16A2GF,2009_07_12
2009-07-20,6.849036658791173,91.16113520936575,MODIS/061/MOD16A2GF,2009_07_20
2009-07-28,7.718588805776998,91.90624609314676,MODIS/061/MOD16A2GF,2009_07_28
2009-08-05,5.17638515169863,95.44643552973781,MODIS/061/MOD16A2GF,2009_08_05
2009-08-13,4.15791188767503,97.39924096023816,MODIS/061/MOD16A2GF,2009_08_13
2009-08-21,4.265134764844816,97.53513194449,MODIS/061/MOD16A2GF,2009_08_21
2009-08-29,6.140976719986035,96.30871084083796,MODIS/061/MOD16A2GF,2009_08_29
2009-09-06,3.370215579257797,96.47073704868608,MODIS/061/MOD16A2GF,2009_09_06
2009-09-14,6.38299412965892,93.34855923731195,MODIS/061/MOD16A2GF,2009_09_14
2009-09-22,8.853678131970224,77.43017439890653,MODIS/061/MOD16A2GF,2009_09_22
2009-09-30,4.846179873722702,88.10971142455169,MODIS/061/MOD16A2GF,2009_09_30
2009-10-08,4.659678679068368,89.58466487629184,MODIS/061/MOD16A2GF,2009_10_08
2009-10-16,3.2962017687202603,89.69184673936778,MODIS/061/MOD16A2GF,2009_10_16
2009-10-24,4.915388721368808,86.3344722905452,MODIS/061/MOD16A2GF,2009_10_24
2009-11-01,7.404756167557699,49.06014756047803,MODIS/061/MOD16A2GF,2009_11_01
2009-11-09,5.9386876386799825,39.08114838369456,MODIS/061/MOD16A2GF,2009_11_09
2009-11-17,5.565110487021942,41.99761635431401,MODIS/061/MOD16A2GF,2009_11_17
2009-11-25,5.9632753448680855,1.6753241054769938,MODIS/061/MOD16A2GF,2009_11_25
2009-12-03,5.645520921484399,1.4063950743064404,MODIS/061/MOD16A2GF,2009_12_03
2009-12-11,5.315396211869327,0.3600787708909254,MODIS/061/MOD16A2GF,2009_12_11
2009-12-19,6.2196705117997455,0.2850477401135651,MODIS/061/MOD16A2GF,2009_12_19
2009-12-27,4.973534907851763,0.8016482253400873,MODIS/061/MOD16A2GF,2009_12_27
2010-01-01,6.835018913788666,0.6137694217238939,MODIS/061/MOD16A2GF,2010_01_01
2010-01-09,5.564558252778377,0.4895776275905622,MODIS/061/MOD16A2GF,2010_01_09
2010-01-17,6.0599949105280295,0.0475955135024994,MODIS/061/MOD16A2GF,2010_01_17
2010-01-25,7.787084882935311,0.5388102352949138,MODIS/061/MOD16A2GF,2010_01_25
2010-02-02,6.191630508409747,0.7187387871499601,MODIS/061/MOD16A2GF,2010_02_02
2010-02-10,6.060001281860138,0.04759528419332655,MODIS/061/MOD16A2GF,2010_02_10
2010-02-18,8.10000146348059,0.019037941992483588,MODIS/061/MOD16A2GF,2010_02_18
2010-02-26,10.997661314275685,0.9481278894390304,MODIS/061/MOD16A2GF,2010_02_26
2010-03-06,11.745479636305475,0.878963476889115,MODIS/061/MOD16A2GF,2010_03_06
2010-03-14,12.276582447941689,5.371063930097714,MODIS/061/MOD16A2GF,2010_03_14
2010-03-22,11.374802587960367,10.19069718728377,MODIS/061/MOD16A2GF,2010_03_22
2010-03-30,15.236455343205288,14.983751418367556,MODIS/061/MOD16A2GF,2010_03_30
2010-04-07,16.347072895647674,15.95256628209086,MODIS/061/MOD16A2GF,2010_04_07
2010-04-15,11.510317206526747,26.02826981931136,MODIS/061/MOD16A2GF,2010_04_15
2010-04-23,15.238409227179966,31.106301555301275,MODIS/061/MOD16A2GF,2010_04_23
2010-05-01,17.52694146756258,37.40863621575082,MODIS/061/MOD16A2GF,2010_05_01
2010-05-09,13.763862888745775,47.260221579152656,MODIS/061/MOD16A2GF,2010_05_09
2010-05-17,15.235006898513172,46.922063955946186,MODIS/061/MOD16A2GF,2010_05_17
2010-05-25,18.179315606717992,45.1573296507794,MODIS/061/MOD16A2GF,2010_05_25
2010-06-02,15.014481006221732,61.80630676901973,MODIS/061/MOD16A2GF,2010_06_02
2010-06-10,13.615842171915832,65.32577648098649,MODIS/061/MOD16A2GF,2010_06_10
2010-06-18,17.691246603218357,67.68349063412957,MODIS/061/MOD16A2GF,2010_06_18
2010-06-26,12.612380641006355,90.55836353546084,MODIS/061/MOD16A2GF,2010_06_26
2010-07-04,9.203130578168366,86.92877040120052,MODIS/061/MOD16A2GF,2010_07_04
2010-07-12,8.681942173495878,89.7583742406526,MODIS/061/MOD16A2GF,2010_07_12
2010-07-20,8.656749606100327,94.6749406033428,MODIS/061/MOD16A2GF,2010_07_20
2010-07-28,6.766242391979378,95.8105874419697,MODIS/061/MOD16A2GF,2010_07_28
2010-08-05,5.239727460876056,98.01975440010933,MODIS/061/MOD16A2GF,2010_08_05
2010-08-13,4.373269954579035,98.0856462552418,MODIS/061/MOD16A2GF,2010_08_13
2010-08-21,3.4749082554280144,98.61065863545511,MODIS/061/MOD16A2GF,2010_08_21
2010-08-29,2.949144208626755,98.52531861313791,MODIS/061/MOD16A2GF,2010_08_29
2010-09-06,2.844045564928287,97.71175896372523,MODIS/061/MOD16A2GF,2010_09_06
2010-09-14,6.459530015374739,87.29235399090864,MODIS/061/MOD16A2GF,2010_09_14
2010-09-22,4.399512608215706,89.83283766117405,MODIS/061/MOD16A2GF,2010_09_22
2010-09-30,3.8092226548525248,92.5580452925737,MODIS/061/MOD16A2GF,2010_09_30
2010-10-08,8.387351602182234,66.83662437070839,MODIS/061/MOD16A2GF,2010_10_08
2010-10-16,6.950345492950646,66.95908314685744,MODIS/061/MOD16A2GF,2010_10_16
2010-10-24,6.536244115805153,52.567411905423526,MODIS/061/MOD16A2GF,2010_10_24
2010-11-01,6.533998695253142,42.231479745517014,MODIS/061/MOD16A2GF,2010_11_01
2010-11-09,3.439534083588587,53.546897358407534,MODIS/061/MOD16A2GF,2010_11_09
2010-11-17,6.511629593120943,55.57797149710651,MODIS/061/MOD16A2GF,2010_11_17
2010-11-25,5.618054826818504,52.496259696393494,MODIS/061/MOD16A2GF,2010_11_25
2010-12-03,3.9436474395473367,14.556881333236023,MODIS/061/MOD16A2GF,2010_12_03
2010-12-11,4.375239199742965,30.30590514359907,MODIS/061/MOD16A2GF,2010_12_11
2010-12-19,5.660302740603793,9.572519722579663,MODIS/061/MOD16A2GF,2010_12_19
2010-12-27,4.192415681447457,21.10854383361484,MODIS/061/MOD16A2GF,2010_12_27
2011-01-01,5.743208640216146,20.39684827039157,MODIS/061/MOD16A2GF,2011_01_01
2011-01-09,7.086258713847981,22.3094417009405,MODIS/061/MOD16A2GF,2011_01_09
2011-01-17,6.20362066500716,1.53324181545954,MODIS/061/MOD16A2GF,2011_01_17
2011-01-25,5.064286049176607,0.3998132416070575,MODIS/061/MOD16A2GF,2011_01_25
2011-02-02,7.225030381738482,1.6354054892119085,MODIS/061/MOD16A2GF,2011_02_02
2011-02-10,8.186748416692316,1.3112380259959413,MODIS/061/MOD16A2GF,2011_02_10
2011-02-18,,0.0,MODIS/061/MOD16A2GF,2011_02_18
2011-02-26,,0.0,MODIS/061/MOD16A2GF,2011_02_26
2011-03-06,9.34905672291098,0.7590935555585514,MODIS/061/MOD16A2GF,2011_03_06
2011-03-14,10.639377421841093,5.712916572956116,MODIS/061/MOD16A2GF,2011_03_14
2011-03-22,11.252329145567511,10.368809499977383,MODIS/061/MOD16A2GF,2011_03_22
2011-03-30,10.406865667737597,14.862472411480425,MODIS/061/MOD16A2GF,2011_03_30
2011-04-07,8.8744450386196,21.890009124068516,MODIS/061/MOD16A2GF,2011_04_07
2011-04-15,8.3802684480683,31.544544081038385,MODIS/061/MOD16A2GF,2011_04_15
2011-04-23,14.661084184097604,43.79197565224915,MODIS/061/MOD16A2GF,2011_04_23
2011-05-01,12.88554222038475,54.50887407496766,MODIS/061/MOD16A2GF,2011_05_01
2011-05-09,14.940422887933032,56.727788749423496,MODIS/061/MOD16A2GF,2011_05_09
2011-05-17,13.150818827680206,69.89454525790886,MODIS/061/MOD16A2GF,2011_05_17
2011-05-25,14.096641048902864,73.01573167353921,MODIS/061/MOD16A2GF,2011_05_25
2011-06-02,14.976480403981478,71.08510663152016,MODIS/061/MOD16A2GF,2011_06_02
2011-06-10,15.166677982511116,62.49169380741581,MODIS/061/MOD16A2GF,2011_06_10
2011-06-18,11.94346216377569,85.64980335437623,MODIS/061/MOD16A2GF,2011_06_18
2011-06-26,11.216145782589209,91.03189899287892,MODIS/061/MOD16A2GF,2011_06_26
2011-07-04,8.486570556529722,94.94396018459155,MODIS/061/MOD16A2GF,2011_07_04
2011-07-12,6.513470632958054,97.27484780556404,MODIS/061/MOD16A2GF,2011_07_12
2011-07-20,5.305376487329245,97.59016100172171,MODIS/061/MOD16A2GF,2011_07_20
2011-07-28,4.2850059712843,98.52460764987867,MODIS/061/MOD16A2GF,2011_07_28
2011-08-05,3.0160100753041346,98.63470281048419,MODIS/061/MOD16A2GF,2011_08_05
2011-08-13,2.6549581775092457,98.65983103285146,MODIS/061/MOD16A2GF,2011_08_13
2011-08-21,3.525880736355126,98.00065135609417,MODIS/061/MOD16A2GF,2011_08_21
2011-08-29,2.086998825359972,98.14989875997564,MODIS/061/MOD16A2GF,2011_08_29
2011-09-06,1.3484847955180654,98.03320812853669,MODIS/061/MOD16A2GF,2011_09_06
2011-09-14,3.4833215136146443,97.35709713356991,MODIS/061/MOD16A2GF,2011_09_14
2011-09-22,3.2896632969044086,95.44277585251416,MODIS/061/MOD16A2GF,2011_09_22
2011-09-30,6.263984967594515,91.20069274541764,MODIS/061/MOD16A2GF,2011_09_30
2011-10-08,4.293537764713772,90.96653921528916,MODIS/061/MOD16A2GF,2011_10_08
2011-10-16,5.854698251491675,85.4910288570347,MODIS/061/MOD16A2GF,2011_10_16
2011-10-24,7.998784394466727,49.993711844540776,MODIS/061/MOD16A2GF,2011_10_24
2011-11-01,7.997869471519824,13.98031146583351,MODIS/061/MOD16A2GF,2011_11_01
2011-11-09,7.978284432288993,10.143586406858738,MODIS/061/MOD16A2GF,2011_11_09
2011-11-17,5.548904975216534,2.1110339024563474,MODIS/061/MOD16A2GF,2011_11_17
2011-11-25,5.320678440662666,1.6721425955310334,MODIS/061/MOD16A2GF,2011_11_25
2011-12-03,6.221396654225747,0.41379935494181447,MODIS/061/MOD16A2GF,2011_12_03
2011-12-11,6.306030765106116,0.7450587434226377,MODIS/061/MOD16A2GF,2011_12_11
2011-12-19,4.8528993305639245,0.7179585987665591,MODIS/061/MOD16A2GF,2011_12_19
2011-12-27,3.524999200655884,0.11422843018033271,MODIS/061/MOD16A2GF,2011_12_27
2012-01-01,6.199999659636918,0.1237479200925395,MODIS/061/MOD16A2GF,2012_01_01
2012-01-09,6.474999959044637,0.11422834998152874,MODIS/061/MOD16A2GF,2012_01_09
2012-01-17,6.226315941949546,0.18086228488713996,MODIS/061/MOD16A2GF,2012_01_17
2012-01-25,6.549999042821605,0.038076393098856125,MODIS/061/MOD16A2GF,2012_01_25
2012-02-02,5.357143136450469,0.06663339549439631,MODIS/061/MOD16A2GF,2012_02_02
2012-02-10,7.149999609950421,0.01903813149928706,MODIS/061/MOD16A2GF,2012_02_10
2012-02-18,,0.0,MODIS/061/MOD16A2GF,2012_02_18
2012-02-26,,0.0,MODIS/061/MOD16A2GF,2012_02_26
2012-03-05,,0.0,MODIS/061/MOD16A2GF,2012_03_05
2012-03-13,,0.0,MODIS/061/MOD16A2GF,2012_03_13
2012-03-21,10.84898261412419,1.9666667537483502,MODIS/061/MOD16A2GF,2012_03_21
2012-03-29,13.10777317578631,8.259888006767673,MODIS/061/MOD16A2GF,2012_03_29
2012-04-06,15.419565312850779,18.502691691755047,MODIS/061/MOD16A2GF,2012_04_06
2012-04-14,6.6563117115114725,26.061033568091016,MODIS/061/MOD16A2GF,2012_04_14
2012-04-22,15.619277122948702,32.991885035208256,MODIS/061/MOD16A2GF,2012_04_22
2012-04-30,14.700218317025906,37.91173186459307,MODIS/061/MOD16A2GF,2012_04_30
2012-05-08,14.818295331705933,46.009917746085094,MODIS/061/MOD16A2GF,2012_05_08
2012-05-16,16.804848213603485,49.141440162602656,MODIS/061/MOD16A2GF,2012_05_16
2012-05-24,16.078290471248874,61.26316296042091,MODIS/061/MOD16A2GF,2012_05_24
2012-06-01,13.091602438342829,69.45981724198415,MODIS/061/MOD16A2GF,2012_06_01
2012-06-09,13.23048253091564,77.67746846301966,MODIS/061/MOD16A2GF,2012_06_09
2012-06-17,13.701319122133723,83.70527339998186,MODIS/061/MOD16A2GF,2012_06_17
2012-06-25,13.047350815445549,89.13573650566441,MODIS/061/MOD16A2GF,2012_06_25
2012-07-03,9.778671140629351,93.85532345048628,MODIS/061/MOD16A2GF,2012_07_03
2012-07-11,7.898912227045954,96.82782860383601,MODIS/061/MOD16A2GF,2012_07_11
2012-07-19,6.762219372236265,96.25296869686441,MODIS/061/MOD16A2GF,2012_07_19
2012-07-27,5.877440222207094,97.27137577000741,MODIS/061/MOD16A2GF,2012_07_27
2012-08-04,4.139075914466084,98.43258137135346,MODIS/061/MOD16A2GF,2012_08_04
2012-08-12,3.2618056793108976,98.69876781933928,MODIS/061/MOD16A2GF,2012_08_12
2012-08-20,2.9304703689536833,98.59520875711708,MODIS/061/MOD16A2GF,2012_08_20
2012-08-28,2.0363380606242583,98.38588488577493,MODIS/061/MOD16A2GF,2012_08_28
2012-09-05,1.736250934580537,98.2346091122082,MODIS/061/MOD16A2GF,2012_09_05
2012-09-13,2.071966374411293,98.10186235353547,MODIS/061/MOD16A2GF,2012_09_13
2012-09-21,1.1699553480106468,97.89921426633386,MODIS/061/MOD16A2GF,2012_09_21
2012-09-29,3.8246707638860347,91.99896572951039,MODIS/061/MOD16A2GF,2012_09_29
2012-10-07,1.0274416111613136,96.3670929628929,MODIS/061/MOD16A2GF,2012_10_07
2012-10-15,5.534747583493399,76.55446137885772,MODIS/061/MOD16A2GF,2012_10_15
2012-10-23,7.257482082865232,74.08144673621315,MODIS/061/MOD16A2GF,2012_10_23
2012-10-31,5.248349450954845,62.574007590425865,MODIS/061/MOD16A2GF,2012_10_31
2012-11-08,3.7749603574892006,31.560039045357154,MODIS/061/MOD16A2GF,2012_11_08
2012-11-16,5.402482141772274,4.6588887004068,MODIS/061/MOD16A2GF,2012_11_16
2012-11-24,6.116739807280663,9.545702537720036,MODIS/061/MOD16A2GF,2012_11_24
2012-12-02,3.7873277772213654,9.414673093110974,MODIS/061/MOD16A2GF,2012_12_02
2012-12-10,4.84515512436155,0.29509886386002193,MODIS/061/MOD16A2GF,2012_12_10
2012-12-18,4.276923043207942,0.12374756068308464,MODIS/061/MOD16A2GF,2012_12_18
2012-12-26,3.3000001771423517,0.12374796999401753,MODIS/061/MOD16A2GF,2012_12_26
2013-01-01,6.184613701007238,0.12374805910379973,MODIS/061/MOD16A2GF,2013_01_01
2013-01-09,6.200000005583867,0.18086229439218338,MODIS/061/MOD16A2GF,2013_01_09
2013-01-17,6.38750263415228,0.15230498248866636,MODIS/061/MOD16A2GF,2013_01_17
2013-01-25,9.14471906231004,0.4384713397344719,MODIS/061/MOD16A2GF,2013_01_25
2013-02-02,5.632776421844086,0.862460286840155,MODIS/061/MOD16A2GF,2013_02_02
2013-02-10,6.506746040790535,2.41406830700531,MODIS/061/MOD16A2GF,2013_02_10
2013-02-18,8.587117804449749,1.929153217661493,MODIS/061/MOD16A2GF,2013_02_18
2013-02-26,9.914800970058929,2.57943494441965,MODIS/061/MOD16A2GF,2013_02_26
2013-03-06,10.756415661920842,0.15238021939438862,MODIS/061/MOD16A2GF,2013_03_06
2013-03-14,11.183240914132396,8.220108783613956,MODIS/061/MOD16A2GF,2013_03_14
2013-03-22,11.169642853951354,10.152432114289937,MODIS/061/MOD16A2GF,2013_03_22
2013-03-30,9.292135736825179,16.8592757843323,MODIS/061/MOD16A2GF,2013_03_30
2013-04-07,8.358210540983427,22.797101719565394,MODIS/061/MOD16A2GF,2013_04_07
2013-04-15,10.403512320973219,27.928730842042835,MODIS/061/MOD16A2GF,2013_04_15
2013-04-23,14.400261038453023,32.611006251133944,MODIS/061/MOD16A2GF,2013_04_23
2013-05-01,12.646812071904163,42.877077273937786,MODIS/061/MOD16A2GF,2013_05_01
2013-05-09,11.876623843618113,50.38668774312532,MODIS/061/MOD16A2GF,2013_05_09
2013-05-17,15.17764658377624,51.0499544448701,MODIS/061/MOD16A2GF,2013_05_17
2013-05-25,13.7266652589011,63.20320183548447,MODIS/061/MOD16A2GF,2013_05_25
2013-06-02,13.503049747880397,68.64295643544048,MODIS/061/MOD16A2GF,2013_06_02
2013-06-10,10.210895102981219,79.93265685595563,MODIS/061/MOD16A2GF,2013_06_10
2013-06-18,9.696376013306626,85.0933440204254,MODIS/061/MOD16A2GF,2013_06_18
2013-06-26,10.29780897911356,78.04274532637001,MODIS/061/MOD16A2GF,2013_06_26
2013-07-04,9.511069670077365,88.54334553525035,MODIS/061/MOD16A2GF,2013_07_04
2013-07-12,7.924500404560497,94.27212537738212,MODIS/061/MOD16A2GF,2013_07_12
2013-07-20,6.838339760426518,96.1207364861582,MODIS/061/MOD16A2GF,2013_07_20
2013-07-28,4.40139847516681,97.58900334992009,MODIS/061/MOD16A2GF,2013_07_28
2013-08-05,7.176521039489401,97.25472525867171,MODIS/061/MOD16A2GF,2013_08_05
2013-08-13,5.540235710786206,98.04375967414767,MODIS/061/MOD16A2GF,2013_08_13
2013-08-21,3.7421187784101417,98.10629365366327,MODIS/061/MOD16A2GF,2013_08_21
2013-08-29,1.9386578474709584,97.95024326585589,MODIS/061/MOD16A2GF,2013_08_29
2013-09-06,2.5360723449587685,98.19780011385006,MODIS/061/MOD16A2GF,2013_09_06
2013-09-14,2.851042111769764,93.8796289817389,MODIS/061/MOD16A2GF,2013_09_14
2013-09-22,1.672153339633782,97.56892277739509,MODIS/061/MOD16A2GF,2013_09_22
2013-09-30,0.9288651357379192,97.18112238307012,MODIS/061/MOD16A2GF,2013_09_30
2013-10-08,3.312687090782065,95.47721419824094,MODIS/061/MOD16A2GF,2013_10_08
2013-10-16,4.088936533679641,93.54062116559031,MODIS/061/MOD16A2GF,2013_10_16
2013-10-24,6.758969919608564,76.8421900660123,MODIS/061/MOD16A2GF,2013_10_24
2013-11-01,5.947597944744505,63.954090544387114,MODIS/061/MOD16A2GF,2013_11_01
2013-11-09,4.09024408939506,63.6932868995032,MODIS/061/MOD16A2GF,2013_11_09
2013-11-17,5.263564847750412,7.23986311040451,MODIS/061/MOD16A2GF,2013_11_17
2013-11-25,7.803107087376265,17.026041685331812,MODIS/061/MOD16A2GF,2013_11_25
2013-12-03,7.314861553055093,7.474919576604654,MODIS/061/MOD16A2GF,2013_12_03
2013-12-11,6.084400214936232,2.507372086173198,MODIS/061/MOD16A2GF,2013_12_11
2013-12-19,5.429146770122655,1.3131214835944767,MODIS/061/MOD16A2GF,2013_12_19
2013-12-27,3.029164743150937,0.22845792670772572,MODIS/061/MOD16A2GF,2013_12_27
2014-01-01,5.657140258339021,0.2665347588207755,MODIS/061/MOD16A2GF,2014_01_01
2014-01-09,5.964997592208512,0.5711476858072684,MODIS/061/MOD16A2GF,2014_01_09
2014-01-17,4.672731426877175,0.10470973869177441,MODIS/061/MOD16A2GF,2014_01_17
2014-01-25,4.860001225691149,0.09519070799197854,MODIS/061/MOD16A2GF,2014_01_25
2014-02-02,4.550001571900615,0.03807624339442204,MODIS/061/MOD16A2GF,2014_02_02
2014-02-10,7.48000361063284,0.04759586281284561,MODIS/061/MOD16A2GF,2014_02_10
2014-02-18,7.3,0.019038061399591733,MODIS/061/MOD16A2GF,2014_02_18
2014-02-26,7.980951718407,0.19989965895327833,MODIS/061/MOD16A2GF,2014_02_26
2014-03-06,9.186108930852866,0.33294046167763597,MODIS/061/MOD16A2GF,2014_03_06
2014-03-14,,0.0,MODIS/061/MOD16A2GF,2014_03_14
2014-03-22,13.625990244215437,4.923647459269149,MODIS/061/MOD16A2GF,2014_03_22
2014-03-30,12.866625307925778,8.453046885438766,MODIS/061/MOD16A2GF,2014_03_30
2014-04-07,11.936920104964786,12.34790783351449,MODIS/061/MOD16A2GF,2014_04_07
2014-04-15,9.343249264296464,18.137224720840514,MODIS/061/MOD16A2GF,2014_04_15
2014-04-23,11.959921311028578,22.747674206225522,MODIS/061/MOD16A2GF,2014_04_23
2014-05-01,14.170869363333871,32.68825399621976,MODIS/061/MOD16A2GF,2014_05_01
2014-05-09,8.961110730431157,46.69512261364695,MODIS/061/MOD16A2GF,2014_05_09
2014-05-17,10.526828014034848,58.276186524116525,MODIS/061/MOD16A2GF,2014_05_17
2014-05-25,11.0786216639202,63.83500016547909,MODIS/061/MOD16A2GF,2014_05_25
2014-06-02,10.537149652343606,65.33523003895289,MODIS/061/MOD16A2GF,2014_06_02
2014-06-10,11.274272246909844,74.80237129695665,MODIS/061/MOD16A2GF,2014_06_10
2014-06-18,10.366293299386035,84.92767450710603,MODIS/061/MOD16A2GF,2014_06_18
2014-06-26,9.129905425807486,91.70971343117154,MODIS/061/MOD16A2GF,2014_06_26
2014-07-04,7.500565233701693,95.5624006855496,MODIS/061/MOD16A2GF,2014_07_04
2014-07-12,5.559069899162915,97.10252384833846,MODIS/061/MOD16A2GF,2014_07_12
2014-07-20,4.324017428772198,98.16538964667036,MODIS/061/MOD16A2GF,2014_07_20
2014-07-28,3.7659647733893644,97.88068810013637,MODIS/061/MOD16A2GF,2014_07_28
2014-08-05,3.2390266101722616,98.48298259178199,MODIS/061/MOD16A2GF,2014_08_05
2014-08-13,4.004975086896041,98.64672518621352,MODIS/061/MOD16A2GF,2014_08_13
2014-08-21,1.9100664443601798,98.33645557959514,MODIS/061/MOD16A2GF,2014_08_21
2014-08-29,1.758132026746947,98.56030239843439,MODIS/061/MOD16A2GF,2014_08_29
2014-09-06,1.2681076562059634,98.3058049283088,MODIS/061/MOD16A2GF,2014_09_06
2014-09-14,3.203099706703479,98.09763009107424,MODIS/061/MOD16A2GF,2014_09_14
2014-09-22,4.5187599681040345,95.63133922274476,MODIS/061/MOD16A2GF,2014_09_22
2014-09-30,9.55993841570501,77.95459753555743,MODIS/061/MOD16A2GF,2014_09_30
2014-10-08,3.778325447460971,57.40316971243208,MODIS/061/MOD16A2GF,2014_10_08
2014-10-16,7.275585968485082,60.570981329691726,MODIS/061/MOD16A2GF,2014_10_16
2014-10-24,7.126415058250109,44.19292838072776,MODIS/061/MOD16A2GF,2014_10_24
2014-11-01,6.871810486178988,25.919491782424373,MODIS/061/MOD16A2GF,2014_11_01
2014-11-09,7.60578712172172,23.03648483691906,MODIS/061/MOD16A2GF,2014_11_09
2014-11-17,5.687703014682713,6.626552359257466,MODIS/061/MOD16A2GF,2014_11_17
2014-11-25,6.289255990691109,4.2182113972505935,MODIS/061/MOD16A2GF,2014_11_25
2014-12-03,5.376470635786318,0.1618238943754193,MODIS/061/MOD16A2GF,2014_12_03
2014-12-11,4.5379116386412335,0.9919993917353145,MODIS/061/MOD16A2GF,2014_12_11
2014-12-19,7.106214765341477,0.7229986921831566,MODIS/061/MOD16A2GF,2014_12_19
2014-12-27,3.5497435287355303,1.572773527384732,MODIS/061/MOD16A2GF,2014_12_27
2015-01-01,5.950000661522259,0.07615273629623423,MODIS/061/MOD16A2GF,2015_01_01
2015-01-09,6.874711507292721,0.6467728974183423,MODIS/061/MOD16A2GF,2015_01_09
2015-01-17,5.866622628583787,0.36235665825180113,MODIS/061/MOD16A2GF,2015_01_17
2015-01-25,6.141664303920088,0.11422880919393966,MODIS/061/MOD16A2GF,2015_01_25
2015-02-02,8.216666383807535,0.17134260546812968,MODIS/061/MOD16A2GF,2015_02_02
2015-02-10,7.746940334768552,0.48994908475320603,MODIS/061/MOD16A2GF,2015_02_10
2015-02-18,9.1933809292256,1.6825155540702492,MODIS/061/MOD16A2GF,2015_02_18
2015-02-26,10.748947487965797,4.6567793621278755,MODIS/061/MOD16A2GF,2015_02_26
2015-03-06,7.718689270894371,3.24028079482442,MODIS/061/MOD16A2GF,2015_03_06
2015-03-14,10.111158348864908,6.330636410953801,MODIS/061/MOD16A2GF,2015_03_14
2015-03-22,13.687185600930063,6.887592011201507,MODIS/061/MOD16A2GF,2015_03_22
2015-03-30,14.32903360698813,12.706718294687773,MODIS/061/MOD16A2GF,2015_03_30
2015-04-07,11.017659533593674,17.595095850988024,MODIS/061/MOD16A2GF,2015_04_07
2015-04-15,13.586141658744404,25.0137035398467,MODIS/061/MOD16A2GF,2015_04_15
2015-04-23,12.706232341393719,33.0358683467399,MODIS/061/MOD16A2GF,2015_04_23
2015-05-01,13.836128447595787,40.19074041783649,MODIS/061/MOD16A2GF,2015_05_01
2015-05-09,15.852774919794193,53.35381827254461,MODIS/061/MOD16A2GF,2015_05_09
2015-05-17,16.417723718367828,56.22357009399899,MODIS/061/MOD16A2GF,2015_05_17
2015-05-25,15.047584890499545,64.12549328566979,MODIS/061/MOD16A2GF,2015_05_25
2015-06-02,13.47053117645204,73.62847224071848,MODIS/061/MOD16A2GF,2015_06_02
2015-06-10,11.726223833170883,79.01019517698172,MODIS/061/MOD16A2GF,2015_06_10
2015-06-18,11.296840701948879,86.53154480219742,MODIS/061/MOD16A2GF,2015_06_18
2015-06-26,10.584346224110188,91.05230828641895,MODIS/061/MOD16A2GF,2015_06_26
2015-07-04,7.552711506717331,96.38210713157977,MODIS/061/MOD16A2GF,2015_07_04
2015-07-12,7.305529070485427,97.45405295955719,MODIS/061/MOD16A2GF,2015_07_12
2015-07-20,7.8856131311096185,98.54122245637369,MODIS/061/MOD16A2GF,2015_07_20
2015-07-28,4.9054681676232486,98.652623213023,MODIS/061/MOD16A2GF,2015_07_28
2015-08-05,3.1841615396106056,98.71978644324494,MODIS/061/MOD16A2GF,2015_08_05
2015-08-13,2.6450210971784096,98.66147303187005,MODIS/061/MOD16A2GF,2015_08_13
2015-08-21,4.253600670017101,97.05698063554611,MODIS/061/MOD16A2GF,2015_08_21
2015-08-29,6.679530294332613,94.10219406433897,MODIS/061/MOD16A2GF,2015_08_29
2015-09-06,4.288596131269387,96.51489757579792,MODIS/061/MOD16A2GF,2015_09_06
2015-09-14,5.400949490734188,92.92880619740666,MODIS/061/MOD16A2GF,2015_09_14
2015-09-22,5.556286568299844,94.74219667061,MODIS/061/MOD16A2GF,2015_09_22
2015-09-30,5.635629648457049,94.09838456347447,MODIS/061/MOD16A2GF,2015_09_30
2015-10-08,7.011877447495374,91.76125396449667,MODIS/061/MOD16A2GF,2015_10_08
2015-10-16,7.934934188744875,25.929302337999133,MODIS/061/MOD16A2GF,2015_10_16
2015-10-24,3.8499125739187026,25.848350842701954,MODIS/061/MOD16A2GF,2015_10_24
2015-11-01,6.633456977543343,7.97526265326989,MODIS/061/MOD16A2GF,2015_11_01
2015-11-09,6.672002210280118,8.035541829363773,MODIS/061/MOD16A2GF,2015_11_09
2015-11-17,7.151753654717785,10.935220568120503,MODIS/061/MOD16A2GF,2015_11_17
2015-11-25,6.58594563110039,14.25970303707849,MODIS/061/MOD16A2GF,2015_11_25
2015-12-03,6.1841398905363265,2.3517562002963226,MODIS/061/MOD16A2GF,2015_12_03
2015-12-11,5.286820436003979,0.41163686264752325,MODIS/061/MOD16A2GF,2015_12_11
2015-12-19,,0.0,MODIS/061/MOD16A2GF,2015_12_19
2015-12-27,4.108332814479086,0.11422843018033271,MODIS/061/MOD16A2GF,2015_12_27
2016-01-01,6.904895192122849,0.12580015127143523,MODIS/061/MOD16A2GF,2016_01_01
2016-01-09,6.984049210064527,0.23051009848009996,MODIS/061/MOD16A2GF,2016_01_09
2016-01-17,4.603616790353133,1.3918338329416218,MODIS/061/MOD16A2GF,2016_01_17
2016-01-25,5.938575884555345,0.34428935786196707,MODIS/061/MOD16A2GF,2016_01_25
2016-02-02,5.5872232567636795,1.4920628824518802,MODIS/061/MOD16A2GF,2016_02_02
2016-02-10,7.454505154891661,3.08922023045112,MODIS/061/MOD16A2GF,2016_02_10
2016-02-18,,0.0,MODIS/061/MOD16A2GF,2016_02_18
2016-02-26,7.363546497749663,14.592618746332388,MODIS/061/MOD16A2GF,2016_02_26
2016-03-05,8.07385832295302,20.272104592865478,MODIS/061/MOD16A2GF,2016_03_05
2016-03-13,8.24143892591494,13.59973907942257,MODIS/061/MOD16A2GF,2016_03_13
2016-03-21,10.63001478644145,21.5028835928315,MODIS/061/MOD16A2GF,2016_03_21
2016-03-29,15.371182904288432,28.165046224051647,MODIS/061/MOD16A2GF,2016_03_29
2016-04-06,13.456069138795275,28.75116293713531,MODIS/061/MOD16A2GF,2016_04_06
2016-04-14,12.872856119622927,34.25792442320797,MODIS/061/MOD16A2GF,2016_04_14
2016-04-22,16.13625582897066,35.30775573669001,MODIS/061/MOD16A2GF,2016_04_22
2016-04-30,17.976652245817203,48.486800124306875,MODIS/061/MOD16A2GF,2016_04_30
2016-05-08,18.738317254406425,44.36181215243905,MODIS/061/MOD16A2GF,2016_05_08
2016-05-16,17.793031737140037,50.988011828751226,MODIS/061/MOD16A2GF,2016_05_16
2016-05-24,16.38905085323675,61.10009369224695,MODIS/061/MOD16A2GF,2016_05_24
2016-06-01,15.272710662830434,69.25491593373158,MODIS/061/MOD16A2GF,2016_06_01
2016-06-09,15.042861805140987,74.75406214636797,MODIS/061/MOD16A2GF,2016_06_09
2016-06-17,18.04530300900275,80.56034015545178,MODIS/061/MOD16A2GF,2016_06_17
2016-06-25,12.708683049125302,86.69675828174144,MODIS/061/MOD16A2GF,2016_06_25
2016-07-03,13.219425354547566,90.04084938595994,MODIS/061/MOD16A2GF,2016_07_03
2016-07-11,9.884470504747878,92.95455329573554,MODIS/061/MOD16A2GF,2016_07_11
2016-07-19,9.312736473272638,96.21137871209379,MODIS/061/MOD16A2GF,2016_07_19
2016-07-27,9.630395988426208,95.73669290294549,MODIS/061/MOD16A2GF,2016_07_27
2016-08-04,5.796970892379998,97.65847999882062,MODIS/061/MOD16A2GF,2016_08_04
2016-08-12,7.122508318491163,97.03084843590484,MODIS/061/MOD16A2GF,2016_08_12
2016-08-20,4.293481263367234,98.16087265419387,MODIS/061/MOD16A2GF,2016_08_20
2016-08-28,3.7817966321719485,98.49432970954938,MODIS/061/MOD16A2GF,2016_08_28
2016-09-05,4.794276941816978,97.4915051167678,MODIS/061/MOD16A2GF,2016_09_05
2016-09-13,3.204742481233961,95.7546845428518,MODIS/061/MOD16A2GF,2016_09_13
2016-09-21,2.7737225606956395,97.72699782127191,MODIS/061/MOD16A2GF,2016_09_21
2016-09-29,5.965541964332641,88.19530924162491,MODIS/061/MOD16A2GF,2016_09_29
2016-10-07,3.581727233288222,89.05876614357038,MODIS/061/MOD16A2GF,2016_10_07
2016-10-15,6.895263829534219,21.43099124276362,MODIS/061/MOD16A2GF,2016_10_15
2016-10-23,5.97359134944652,19.042819576548812,MODIS/061/MOD16A2GF,2016_10_23
2016-10-31,7.290039173610484,27.923552061229405,MODIS/061/MOD16A2GF,2016_10_31
2016-11-08,6.652060942752975,36.465501524222674,MODIS/061/MOD16A2GF,2016_11_08
2016-11-16,5.527649670059653,2.0655259555533805,MODIS/061/MOD16A2GF,2016_11_16
2016-11-24,5.385800736773121,6.403587485794282,MODIS/061/MOD16A2GF,2016_11_24
2016-12-02,6.7959810472496684,10.6206230517341,MODIS/061/MOD16A2GF,2016_12_02
2016-12-10,5.728165986357646,1.74702383115705,MODIS/061/MOD16A2GF,2016_12_10
2016-12-18,4.821427380202309,0.13326704049618276,MODIS/061/MOD16A2GF,2016_12_18
2016-12-26,4.6052621749269855,0.18086232409544412,MODIS/061/MOD16A2GF,2016_12_26
2017-01-01,6.788963144188224,0.2567902970897159,MODIS/061/MOD16A2GF,2017_01_01
2017-01-09,6.12405542040025,0.23028572607304879,MODIS/061/MOD16A2GF,2017_01_09
2017-01-17,5.99217444839077,0.104485584306657,MODIS/061/MOD16A2GF,2017_01_17
2017-01-25,6.7756469915008655,0.14256167799664496,MODIS/061/MOD16A2GF,2017_01_25
2017-02-02,6.533331042637104,0.057114933315010864,MODIS/061/MOD16A2GF,2017_02_02
2017-02-10,,0.0,MODIS/061/MOD16A2GF,2017_02_10
2017-02-18,6.878472273623424,0.3254749096936866,MODIS/061/MOD16A2GF,2017_02_18
2017-02-26,8.174329239032904,0.6180624610239974,MODIS/061/MOD16A2GF,2017_02_26
2017-03-06,9.485766954256967,1.3397529941726714,MODIS/061/MOD16A2GF,2017_03_06
2017-03-14,10.095857324576553,1.3416966175569385,MODIS/061/MOD16A2GF,2017_03_14
2017-03-22,14.321046515498029,4.666641144705561,MODIS/061/MOD16A2GF,2017_03_22
2017-03-30,13.221146198802941,8.587308821165546,MODIS/061/MOD16A2GF,2017_03_30
2017-04-07,12.612967846245832,11.820156316384281,MODIS/061/MOD16A2GF,2017_04_07
2017-04-15,16.48377271136101,19.275500434714466,MODIS/061/MOD16A2GF,2017_04_15
2017-04-23,11.17006296086158,24.05061705202067,MODIS/061/MOD16A2GF,2017_04_23
2017-05-01,12.86766310003827,29.18248542687127,MODIS/061/MOD16A2GF,2017_05_01
2017-05-09,13.844795147629736,40.94905836840648,MODIS/061/MOD16A2GF,2017_05_09
2017-05-17,16.481575867776673,50.11286853203663,MODIS/061/MOD16A2GF,2017_05_17
2017-05-25,14.320845155643147,60.25398175263476,MODIS/061/MOD16A2GF,2017_05_25
2017-06-02,13.577802159420912,65.22665742559576,MODIS/061/MOD16A2GF,2017_06_02
2017-06-10,13.263933256475623,76.16024414942854,MODIS/061/MOD16A2GF,2017_06_10
2017-06-18,12.663248978016052,82.32948411402337,MODIS/061/MOD16A2GF,2017_06_18
2017-06-26,11.294997625450113,89.73265036965863,MODIS/061/MOD16A2GF,2017_06_26
2017-07-04,8.730790848117461,94.70441676202455,MODIS/061/MOD16A2GF,2017_07_04
2017-07-12,8.127452341236985,96.4623059737191,MODIS/061/MOD16A2GF,2017_07_12
2017-07-20,5.926096095535116,98.02617425781969,MODIS/061/MOD16A2GF,2017_07_20
2017-07-28,4.940496424472168,98.41660388727179,MODIS/061/MOD16A2GF,2017_07_28
2017-08-05,4.216644223835369,98.46737639079022,MODIS/061/MOD16A2GF,2017_08_05
2017-08-13,3.30083750443851,98.54465507798875,MODIS/061/MOD16A2GF,2017_08_13
2017-08-21,2.3796258619139494,98.84511235237436,MODIS/061/MOD16A2GF,2017_08_21
2017-08-29,1.9210182976665031,98.83842899742709,MODIS/061/MOD16A2GF,2017_08_29
2017-09-06,2.6574626634458416,98.55642072927893,MODIS/061/MOD16A2GF,2017_09_06
2017-09-14,1.3251924640574118,98.25349874193397,MODIS/061/MOD16A2GF,2017_09_14
2017-09-22,4.744429268860907,97.0601796531484,MODIS/061/MOD16A2GF,2017_09_22
2017-09-30,7.3321534429354625,33.47303899148026,MODIS/061/MOD16A2GF,2017_09_30
2017-10-08,2.2718297164410233,55.123563182909564,MODIS/061/MOD16A2GF,2017_10_08
2017-10-16,6.081401643440267,45.79344897850006,MODIS/061/MOD16A2GF,2017_10_16
2017-10-24,5.4145051002288875,49.10556636809358,MODIS/061/MOD16A2GF,2017_10_24
2017-11-01,6.37149738088847,54.139188365456235,MODIS/061/MOD16A2GF,2017_11_01
2017-11-09,5.607565466376452,52.939283397572275,MODIS/061/MOD16A2GF,2017_11_09
2017-11-17,2.8655045722540344,55.40056526843745,MODIS/061/MOD16A2GF,2017_11_17
2017-11-25,6.455447563152375,40.02490343494255,MODIS/061/MOD16A2GF,2017_11_25
2017-12-03,4.914977627397474,1.0751315642780372,MODIS/061/MOD16A2GF,2017_12_03
2017-12-11,6.899513960146863,6.4643212572871365,MODIS/061/MOD16A2GF,2017_12_11
2017-12-19,6.576954798813604,4.740726803422637,MODIS/061/MOD16A2GF,2017_12_19
2017-12-27,2.030971850289705,1.008464406049319,MODIS/061/MOD16A2GF,2017_12_27
2018-01-01,4.728996381291123,2.039145093764966,MODIS/061/MOD16A2GF,2018_01_01
2018-01-09,5.297367389486943,2.6864477483655453,MODIS/061/MOD16A2GF,2018_01_09
2018-01-17,5.642581478748895,1.6773997756689993,MODIS/061/MOD16A2GF,2018_01_17
2018-01-25,6.870841451961822,2.916482663110242,MODIS/061/MOD16A2GF,2018_01_25
2018-02-02,6.3970170229956915,3.6454715545684597,MODIS/061/MOD16A2GF,2018_02_02
2018-02-10,6.994255505840435,2.940977403045765,MODIS/061/MOD16A2GF,2018_02_10
2018-02-18,7.273959706713559,2.0911270717047152,MODIS/061/MOD16A2GF,2018_02_18
2018-02-26,9.916901898158352,6.2192416123546055,MODIS/061/MOD16A2GF,2018_02_26
2018-03-06,10.507592395897793,7.352939608030748,MODIS/061/MOD16A2GF,2018_03_06
2018-03-14,10.590029276120687,11.549906439886303,MODIS/061/MOD16A2GF,2018_03_14
2018-03-22,12.437841401637325,13.203318462445413,MODIS/061/MOD16A2GF,2018_03_22
2018-03-30,7.876340105813554,23.887204647110053,MODIS/061/MOD16A2GF,2018_03_30
2018-04-07,9.114293933693219,26.61620411900818,MODIS/061/MOD16A2GF,2018_04_07
2018-04-15,13.636987533300646,30.14799881482097,MODIS/061/MOD16A2GF,2018_04_15
2018-04-23,12.227187476083984,41.012693489176975,MODIS/061/MOD16A2GF,2018_04_23
2018-05-01,11.628615530683119,50.25338820791885,MODIS/061/MOD16A2GF,2018_05_01
2018-05-09,12.527753355490725,52.78283486508679,MODIS/061/MOD16A2GF,2018_05_09
2018-05-17,12.750909006608223,59.316849719038146,MODIS/061/MOD16A2GF,2018_05_17
2018-05-25,10.762890390789098,69.75941494127184,MODIS/061/MOD16A2GF,2018_05_25
2018-06-02,12.962644884322172,71.63801231022991,MODIS/061/MOD16A2GF,2018_06_02
2018-06-10,13.795072596327891,80.91510206631544,MODIS/061/MOD16A2GF,2018_06_10
2018-06-18,11.275971203769892,83.36931896813734,MODIS/061/MOD16A2GF,2018_06_18
2018-06-26,10.27047442104798,88.40621981921899,MODIS/061/MOD16A2GF,2018_06_26
2018-07-04,8.348450509668146,93.69735075410756,MODIS/061/MOD16A2GF,2018_07_04
2018-07-12,7.144014411370002,97.14022384290078,MODIS/061/MOD16A2GF,2018_07_12
2018-07-20,5.126250434006494,97.91040201947953,MODIS/061/MOD16A2GF,2018_07_20
2018-07-28,4.270708113436246,98.0168765055398,MODIS/061/MOD16A2GF,2018_07_28
2018-08-05,3.7774780763989617,98.63642031062075,MODIS/061/MOD16A2GF,2018_08_05
2018-08-13,2.8879137718787864,98.84160244083641,MODIS/061/MOD16A2GF,2018_08_13
2018-08-21,2.340448386221022,98.82461643456507,MODIS/061/MOD16A2GF,2018_08_21
2018-08-29,1.6151855348312714,98.57355790395441,MODIS/061/MOD16A2GF,2018_08_29
2018-09-06,1.4786915870170863,98.43527617218399,MODIS/061/MOD16A2GF,2018_09_06
2018-09-14,2.1628781263242725,98.12813507224665,MODIS/061/MOD16A2GF,2018_09_14
2018-09-22,2.6741292746593466,94.43468013484792,MODIS/061/MOD16A2GF,2018_09_22
2018-09-30,2.388458758387999,96.97134105759868,MODIS/061/MOD16A2GF,2018_09_30
2018-10-08,9.449541331278072,52.65111289082915,MODIS/061/MOD16A2GF,2018_10_08
2018-10-16,5.579981725747671,13.261678973484099,MODIS/061/MOD16A2GF,2018_10_16
2018-10-24,4.8163997122193285,30.94968734507,MODIS/061/MOD16A2GF,2018_10_24
2018-11-01,7.053055360545035,34.31689574932339,MODIS/061/MOD16A2GF,2018_11_01
2018-11-09,5.960262369252933,19.844412448928335,MODIS/061/MOD16A2GF,2018_11_09
2018-11-17,4.457537251203605,19.539578959782876,MODIS/061/MOD16A2GF,2018_11_17
2018-11-25,6.0958618522262,5.188272503815318,MODIS/061/MOD16A2GF,2018_11_25
2018-12-03,5.137372700965333,6.324662247947364,MODIS/061/MOD16A2GF,2018_12_03
2018-12-11,7.418916653029724,6.668623137395506,MODIS/061/MOD16A2GF,2018_12_11
2018-12-19,5.1833463373979285,0.09369684546902257,MODIS/061/MOD16A2GF,2018_12_19
2018-12-27,3.841952709500293,0.22334220466113303,MODIS/061/MOD16A2GF,2018_12_27
2019-01-01,6.749280561428567,0.30139680669773683,MODIS/061/MOD16A2GF,2019_01_01
2019-01-09,5.766665888923731,0.1427854605277099,MODIS/061/MOD16A2GF,2019_01_09
2019-01-17,7.192854695312038,0.2665324853121305,MODIS/061/MOD16A2GF,2019_01_17
2019-01-25,7.201691310353874,0.5610974667246659,MODIS/061/MOD16A2GF,2019_01_25
2019-02-02,8.360774303108606,0.38800060721768975,MODIS/061/MOD16A2GF,2019_02_02
2019-02-10,8.273828466192244,1.1545992733728938,MODIS/061/MOD16A2GF,2019_02_10
2019-02-18,7.654711554376772,1.5713816889547112,MODIS/061/MOD16A2GF,2019_02_18
2019-02-26,10.771598520034388,1.3408720891208383,MODIS/061/MOD16A2GF,2019_02_26
2019-03-06,11.04082071418666,4.376870303349966,MODIS/061/MOD16A2GF,2019_03_06
2019-03-14,12.111269386044293,6.854078326039254,MODIS/061/MOD16A2GF,2019_03_14
2019-03-22,14.833608375346062,8.858228616314268,MODIS/061/MOD16A2GF,2019_03_22
2019-03-30,16.235261715619902,15.702971575131247,MODIS/061/MOD16A2GF,2019_03_30
2019-04-07,14.32494490838521,25.47823923881193,MODIS/061/MOD16A2GF,2019_04_07
2019-04-15,14.968991316426921,26.484059504119795,MODIS/061/MOD16A2GF,2019_04_15
2019-04-23,14.852563067917346,27.15761012032534,MODIS/061/MOD16A2GF,2019_04_23
2019-05-01,11.82560334768451,37.39356363569044,MODIS/061/MOD16A2GF,2019_05_01
2019-05-09,12.593571453281307,45.73618229117304,MODIS/061/MOD16A2GF,2019_05_09
2019-05-17,15.396450820608498,45.21920526731586,MODIS/061/MOD16A2GF,2019_05_17
2019-05-25,13.852806139041132,54.023746169096796,MODIS/061/MOD16A2GF,2019_05_25
2019-06-02,18.288838282333447,56.591778880041694,MODIS/061/MOD16A2GF,2019_06_02
2019-06-10,15.35518999519989,65.58160403617853,MODIS/061/MOD16A2GF,2019_06_10
2019-06-18,12.505941023238456,74.72329213533706,MODIS/061/MOD16A2GF,2019_06_18
2019-06-26,12.342654699253988,81.28682561473812,MODIS/061/MOD16A2GF,2019_06_26
2019-07-04,10.66542769481029,88.76728146983851,MODIS/061/MOD16A2GF,2019_07_04
2019-07-12,7.138869749681887,94.81048852936267,MODIS/061/MOD16A2GF,2019_07_12
2019-07-20,5.925472517582099,96.79460837347563,MODIS/061/MOD16A2GF,2019_07_20
2019-07-28,4.8525736910467545,97.62795655271002,MODIS/061/MOD16A2GF,2019_07_28
2019-08-05,3.6097435245325076,98.664235028954,MODIS/061/MOD16A2GF,2019_08_05
2019-08-13,5.224789027282034,98.52151222721663,MODIS/061/MOD16A2GF,2019_08_13
2019-08-21,3.081763232659583,98.76119004228315,MODIS/061/MOD16A2GF,2019_08_21
2019-08-29,3.990966369617672,97.44376527009804,MODIS/061/MOD16A2GF,2019_08_29
2019-09-06,5.600337130418618,95.05116983602672,MODIS/061/MOD16A2GF,2019_09_06
2019-09-14,3.2199143830579513,91.81057080937961,MODIS/061/MOD16A2GF,2019_09_14
2019-09-22,3.228297629872748,94.92468403255809,MODIS/061/MOD16A2GF,2019_09_22
2019-09-30,8.255986878189836,85.02430953262153,MODIS/061/MOD16A2GF,2019_09_30
2019-10-08,5.483370560534841,92.53408403533537,MODIS/061/MOD16A2GF,2019_10_08
2019-10-16,4.025942271513373,92.34354630176323,MODIS/061/MOD16A2GF,2019_10_16
2019-10-24,5.874318706871819,90.94818677476283,MODIS/061/MOD16A2GF,2019_10_24
2019-11-01,7.567543759682489,33.020835700279754,MODIS/061/MOD16A2GF,2019_11_01
2019-11-09,4.768083569157666,40.62185119253862,MODIS/061/MOD16A2GF,2019_11_09
2019-11-17,6.093230054340505,36.66296590755276,MODIS/061/MOD16A2GF,2019_11_17
2019-11-25,5.783168712562305,7.236845766010318,MODIS/061/MOD16A2GF,2019_11_25
2019-12-03,5.905957121039294,9.39033336274673,MODIS/061/MOD16A2GF,2019_12_03
2019-12-11,4.9087192048430515,3.4900187441003134,MODIS/061/MOD16A2GF,2019_12_11
2019-12-19,3.1401342399855627,0.24704767189237334,MODIS/061/MOD16A2GF,2019_12_19
2019-12-27,3.1413611065182017,0.5674099435500243,MODIS/061/MOD16A2GF,2019_12_27
2020-01-01,5.853855097714472,0.47673091235569864,MODIS/061/MOD16A2GF,2020_01_01
2020-01-09,5.349990339475693,0.01903853673418721,MODIS/061/MOD16A2GF,2020_01_09
2020-01-17,6.00494819906301,0.4495214435179469,MODIS/061/MOD16A2GF,2020_01_17
2020-01-25,6.795833829205996,0.2284569368063136,MODIS/061/MOD16A2GF,2020_01_25
2020-02-02,6.284313854883855,0.849952309206237,MODIS/061/MOD16A2GF,2020_02_02
2020-02-10,9.368320508015355,0.3709401629363486,MODIS/061/MOD16A2GF,2020_02_10
2020-02-18,7.717391144710705,1.130256922559528,MODIS/061/MOD16A2GF,2020_02_18
2020-02-26,11.126388760979902,5.786660804334517,MODIS/061/MOD16A2GF,2020_02_26
2020-03-05,9.876388478057388,10.40367502140117,MODIS/061/MOD16A2GF,2020_03_05
2020-03-13,10.30280594973626,16.099628581300134,MODIS/061/MOD16A2GF,2020_03_13
2020-03-21,13.693528858159965,20.638617585971712,MODIS/061/MOD16A2GF,2020_03_21
2020-03-29,11.409884845905417,26.22045130540539,MODIS/061/MOD16A2GF,2020_03_29
2020-04-06,11.951882519891972,20.546412261015355,MODIS/061/MOD16A2GF,2020_04_06
2020-04-14,13.335059951030681,35.14117691650433,MODIS/061/MOD16A2GF,2020_04_14
2020-04-22,11.240067606181551,41.50424401229351,MODIS/061/MOD16A2GF,2020_04_22
2020-04-30,15.755720866125904,46.95845709821965,MODIS/061/MOD16A2GF,2020_04_30
2020-05-08,15.920533330443236,51.95192961322601,MODIS/061/MOD16A2GF,2020_05_08
2020-05-16,15.260867115932909,57.60951535926015,MODIS/061/MOD16A2GF,2020_05_16
2020-05-24,13.967460863977465,68.0598123044618,MODIS/061/MOD16A2GF,2020_05_24
2020-06-01,13.498532323608698,75.40535017217151,MODIS/061/MOD16A2GF,2020_06_01
2020-06-09,12.647806606963297,80.48628151414196,MODIS/061/MOD16A2GF,2020_06_09
2020-06-17,9.344020774952531,89.99704098753266,MODIS/061/MOD16A2GF,2020_06_17
2020-06-25,7.82463116428433,88.70552853032545,MODIS/061/MOD16A2GF,2020_06_25
2020-07-03,7.71886232204067,95.17414485916818,MODIS/061/MOD16A2GF,2020_07_03
2020-07-11,6.760205788679497,96.23037064217688,MODIS/061/MOD16A2GF,2020_07_11
2020-07-19,5.547509736231266,95.0210559869502,MODIS/061/MOD16A2GF,2020_07_19
2020-07-27,6.029459557408815,95.45313592223374,MODIS/061/MOD16A2GF,2020_07_27
2020-08-04,5.099148664417385,98.29598613308552,MODIS/061/MOD16A2GF,2020_08_04
2020-08-12,5.361600356451253,98.13870096623731,MODIS/061/MOD16A2GF,2020_08_12
2020-08-20,5.67664035410344,97.94864500201354,MODIS/061/MOD16A2GF,2020_08_20
2020-08-28,5.626008237660273,96.55911070309214,MODIS/061/MOD16A2GF,2020_08_28
2020-09-05,2.36213904115778,97.98119991286838,MODIS/061/MOD16A2GF,2020_09_05
2020-09-13,3.900898680184868,97.50812838773001,MODIS/061/MOD16A2GF,2020_09_13
2020-09-21,2.418195086859359,94.97173970547618,MODIS/061/MOD16A2GF,2020_09_21
2020-09-29,6.190525518309242,95.40790902843831,MODIS/061/MOD16A2GF,2020_09_29
2020-10-07,4.9553890584829166,96.52081972795511,MODIS/061/MOD16A2GF,2020_10_07
2020-10-15,2.787479537308924,94.81660685570878,MODIS/061/MOD16A2GF,2020_10_15
2020-10-23,6.186266872089199,73.71047878543233,MODIS/061/MOD16A2GF,2020_10_23
2020-10-31,0.9357808669195533,84.7704040613538,MODIS/061/MOD16A2GF,2020_10_31
2020-11-08,6.879448816568786,67.57875248718753,MODIS/061/MOD16A2GF,2020_11_08
2020-11-16,5.726639338491716,0.7303138059034928,MODIS/061/MOD16A2GF,2020_11_16
2020-11-24,5.771597390029,1.497626669922357,MODIS/061/MOD16A2GF,2020_11_24
2020-12-02,6.355545550745108,2.6340566228949562,MODIS/061/MOD16A2GF,2020_12_02
2020-12-10,6.4005708328929956,4.594600667161898,MODIS/061/MOD16A2GF,2020_12_10
2020-12-18,5.689028880380568,1.6541056746034637,MODIS/061/MOD16A2GF,2020_12_18
2020-12-26,4.32162259918935,0.7102271588938549,MODIS/061/MOD16A2GF,2020_12_26
2021-01-01,5.1531507001361785,1.3907846291986399,MODIS/061/MOD16A2GF,2021_01_01
2021-01-09,3.4330485827260993,3.127525422828501,MODIS/061/MOD16A2GF,2021_01_09
2021-01-17,5.889795190907075,2.0426820488265003,MODIS/061/MOD16A2GF,2021_01_17
2021-01-25,5.8102849992125245,2.6388145882771195,MODIS/061/MOD16A2GF,2021_01_25
2021-02-02,6.428725410614068,5.352060739564421,MODIS/061/MOD16A2GF,2021_02_02
2021-02-10,6.931463140492804,7.995874427336044,MODIS/061/MOD16A2GF,2021_02_10
2021-02-18,6.4807269410002535,1.7585015232285723,MODIS/061/MOD16A2GF,2021_02_18
2021-02-26,8.16760921139556,1.215271972193247,MODIS/061/MOD16A2GF,2021_02_26
2021-03-06,9.333041938373311,4.8961233605993195,MODIS/061/MOD16A2GF,2021_03_06
2021-03-14,10.43209696716606,7.224368180464642,MODIS/061/MOD16A2GF,2021_03_14
2021-03-22,12.67091690110254,3.9082680014887337,MODIS/061/MOD16A2GF,2021_03_22
2021-03-30,10.970342686607292,12.525459059359017,MODIS/061/MOD16A2GF,2021_03_30
2021-04-07,12.415521296971297,17.89392589524492,MODIS/061/MOD16A2GF,2021_04_07
2021-04-15,14.631380888499057,22.38016497304728,MODIS/061/MOD16A2GF,2021_04_15
2021-04-23,7.507623774902545,30.031646243675333,MODIS/061/MOD16A2GF,2021_04_23
2021-05-01,13.696683822008712,41.87561804426316,MODIS/061/MOD16A2GF,2021_05_01
2021-05-09,11.622520481828904,57.071192759166784,MODIS/061/MOD16A2GF,2021_05_09
2021-05-17,12.116114427359015,66.67951426425263,MODIS/061/MOD16A2GF,2021_05_17
2021-05-25,12.729414381140154,76.05794125755774,MODIS/061/MOD16A2GF,2021_05_25
2021-06-02,10.855532590809105,87.2305566859136,MODIS/061/MOD16A2GF,2021_06_02
2021-06-10,10.647842513112279,89.81359683789441,MODIS/061/MOD16A2GF,2021_06_10
2021-06-18,9.401012160370929,96.07478050947199,MODIS/061/MOD16A2GF,2021_06_18
2021-06-26,6.793206498616364,96.6126018382635,MODIS/061/MOD16A2GF,2021_06_26
2021-07-04,6.686832399574308,98.32084614507147,MODIS/061/MOD16A2GF,2021_07_04
2021-07-12,6.886721138760763,98.02790954753266,MODIS/061/MOD16A2GF,2021_07_12
2021-07-20,5.085450072200207,98.31745266548621,MODIS/061/MOD16A2GF,2021_07_20
2021-07-28,4.6097170675052155,98.80856379935139,MODIS/061/MOD16A2GF,2021_07_28
2021-08-05,3.660012426995387,98.70317650511437,MODIS/061/MOD16A2GF,2021_08_05
2021-08-13,3.0377173544217615,98.71351465057934,MODIS/061/MOD16A2GF,2021_08_13
2021-08-21,2.3221403177427913,98.48533609831905,MODIS/061/MOD16A2GF,2021_08_21
2021-08-29,1.767906116255685,98.18122119628838,MODIS/061/MOD16A2GF,2021_08_29
2021-09-06,1.5032165698032507,98.2508554813255,MODIS/061/MOD16A2GF,2021_09_06
2021-09-14,1.1138153687252208,98.15233834765027,MODIS/061/MOD16A2GF,2021_09_14
2021-09-22,1.6532966166475982,97.69696180071288,MODIS/061/MOD16A2GF,2021_09_22
2021-09-30,6.35683194520015,88.10351683252681,MODIS/061/MOD16A2GF,2021_09_30
2021-10-08,5.211319865009102,46.22981888678424,MODIS/061/MOD16A2GF,2021_10_08
2021-10-16,4.208826978191637,57.04093219548967,MODIS/061/MOD16A2GF,2021_10_16
2021-10-24,5.8182178967178055,50.27186104469331,MODIS/061/MOD16A2GF,2021_10_24
2021-11-01,5.7943070580742955,49.65519081476404,MODIS/061/MOD16A2GF,2021_11_01
2021-11-09,7.645441083753365,48.97357958008992,MODIS/061/MOD16A2GF,2021_11_09
2021-11-17,5.237540610785612,18.72142198548333,MODIS/061/MOD16A2GF,2021_11_17
2021-11-25,5.408307407547227,17.62484764596303,MODIS/061/MOD16A2GF,2021_11_25
2021-12-03,6.0695377034654205,23.379530664723266,MODIS/061/MOD16A2GF,2021_12_03
2021-12-11,4.770629920003039,20.670912822886763,MODIS/061/MOD16A2GF,2021_12_11
2021-12-19,6.394412322845309,4.741368528068928,MODIS/061/MOD16A2GF,2021_12_19
2021-12-27,2.956096894226154,1.4524587552257247,MODIS/061/MOD16A2GF,2021_12_27
2022-01-01,6.0755518160473105,1.1153365225345562,MODIS/061/MOD16A2GF,2022_01_01
2022-01-09,6.822073376391475,2.517819849387935,MODIS/061/MOD16A2GF,2022_01_09
2022-01-17,6.391486349624651,2.4867510664161734,MODIS/061/MOD16A2GF,2022_01_17
2022-01-25,7.704372734391371,2.9114902100942377,MODIS/061/MOD16A2GF,2022_01_25
2022-02-02,6.34564153538173,2.4164918076874726,MODIS/061/MOD16A2GF,2022_02_02
2022-02-10,7.986204618958635,0.27605376100544105,MODIS/061/MOD16A2GF,2022_02_10
2022-02-18,9.24416699833441,1.5556376342919622,MODIS/061/MOD16A2GF,2022_02_18
2022-02-26,11.262212716280947,4.192175505446789,MODIS/061/MOD16A2GF,2022_02_26
2022-03-06,9.759868259804362,0.2657464576428475,MODIS/061/MOD16A2GF,2022_03_06
2022-03-14,11.47351477337233,0.17264883834283518,MODIS/061/MOD16A2GF,2022_03_14
2022-03-22,11.700959128864891,7.990487519709465,MODIS/061/MOD16A2GF,2022_03_22
2022-03-30,8.319046959006958,12.986761084885037,MODIS/061/MOD16A2GF,2022_03_30
2022-04-07,12.948588076977119,25.87101473190626,MODIS/061/MOD16A2GF,2022_04_07
2022-04-15,12.354443770030878,35.054778436042355,MODIS/061/MOD16A2GF,2022_04_15
2022-04-23,11.188945273596033,42.2297697813796,MODIS/061/MOD16A2GF,2022_04_23
2022-05-01,14.504246035187709,57.13029042522692,MODIS/061/MOD16A2GF,2022_05_01
2022-05-09,16.154431629222557,63.20548390277906,MODIS/061/MOD16A2GF,2022_05_09
2022-05-17,15.019465865198828,60.12590075429503,MODIS/061/MOD16A2GF,2022_05_17
2022-05-25,15.522365557822496,72.35529605512471,MODIS/061/MOD16A2GF,2022_05_25
2022-06-02,13.96258159423157,79.13744083839417,MODIS/061/MOD16A2GF,2022_06_02
2022-06-10,14.002213265705006,81.9260294666142,MODIS/061/MOD16A2GF,2022_06_10
2022-06-18,15.522629083119257,87.63013257372164,MODIS/061/MOD16A2GF,2022_06_18
2022-06-26,9.383426629928806,95.47245360319614,MODIS/061/MOD16A2GF,2022_06_26
2022-07-04,9.599033120121959,97.30065007975216,MODIS/061/MOD16A2GF,2022_07_04
2022-07-12,7.420032287872979,97.92365794890584,MODIS/061/MOD16A2GF,2022_07_12
2022-07-20,4.479708534013466,98.59501728338232,MODIS/061/MOD16A2GF,2022_07_20
2022-07-28,6.689542142280131,98.33549127232584,MODIS/061/MOD16A2GF,2022_07_28
2022-08-05,5.329607188862967,98.66886422704074,MODIS/061/MOD16A2GF,2022_08_05
2022-08-13,3.006443320578101,98.57631640779105,MODIS/061/MOD16A2GF,2022_08_13
2022-08-21,2.386108961198999,98.79045711861379,MODIS/061/MOD16A2GF,2022_08_21
2022-08-29,2.0516231045652202,98.58901314097035,MODIS/061/MOD16A2GF,2022_08_29
2022-09-06,2.670450597091842,98.51475575315887,MODIS/061/MOD16A2GF,2022_09_06
2022-09-14,1.8547531662032655,97.92374287154166,MODIS/061/MOD16A2GF,2022_09_14
2022-09-22,1.3459790781676253,98.15696545394661,MODIS/061/MOD16A2GF,2022_09_22
2022-09-30,3.561074604181653,97.83521782414806,MODIS/061/MOD16A2GF,2022_09_30
2022-10-08,1.1782048904377689,95.79040341609998,MODIS/061/MOD16A2GF,2022_10_08
2022-10-16,,0.0,MODIS/061/MOD16A2GF,2022_10_16
2022-10-24,9.106259719323816,27.068464745593754,MODIS/061/MOD16A2GF,2022_10_24
2022-11-01,6.727371293599519,22.007428787427912,MODIS/061/MOD16A2GF,2022_11_01
2022-11-09,6.056790033541962,10.53284299117524,MODIS/061/MOD16A2GF,2022_11_09
2022-11-17,5.908118960607195,4.677298191413358,MODIS/061/MOD16A2GF,2022_11_17
2022-11-25,6.499133814165742,8.366337229046842,MODIS/061/MOD16A2GF,2022_11_25
2022-12-03,5.271300067706018,3.400716659779267,MODIS/061/MOD16A2GF,2022_12_03
2022-12-11,6.771443466978265,1.908928534329598,MODIS/061/MOD16A2GF,2022_12_11
2022-12-19,5.179638878632448,4.252411764128602,MODIS/061/MOD16A2GF,2022_12_19
2022-12-27,3.1495732254571154,1.2896715405865695,MODIS/061/MOD16A2GF,2022_12_27
2023-01-01,6.1999982482102585,0.09519070799197854,MODIS/061/MOD16A2GF,2023_01_01
2023-01-09,4.32142821796413,0.13326695079233536,MODIS/061/MOD16A2GF,2023_01_09
2023-01-17,6.1761917764996825,0.19990000766955934,MODIS/061/MOD16A2GF,2023_01_17
2023-01-25,8.16799894060033,0.23797607225035175,MODIS/061/MOD16A2GF,2023_01_25
2023-02-02,6.088936743300569,0.2554077453557852,MODIS/061/MOD16A2GF,2023_02_02
2023-02-10,7.300000000000001,0.009519200602447254,MODIS/061/MOD16A2GF,2023_02_10
2023-02-18,9.588045004217125,0.47367146396400156,MODIS/061/MOD16A2GF,2023_02_18
2023-02-26,9.998911025439945,1.4526382304063554,MODIS/061/MOD16A2GF,2023_02_26
2023-03-06,11.03925261437423,4.207887490764678,MODIS/061/MOD16A2GF,2023_03_06
2023-03-14,8.98641261663685,13.12056678784564,MODIS/061/MOD16A2GF,2023_03_14
2023-03-22,7.004877720816459,18.853632836765783,MODIS/061/MOD16A2GF,2023_03_22
2023-03-30,13.230421275190468,25.085901045867498,MODIS/061/MOD16A2GF,2023_03_30
2023-04-07,13.100184259254954,22.735872631776864,MODIS/061/MOD16A2GF,2023_04_07
2023-04-15,13.394180915541575,33.10203887287207,MODIS/061/MOD16A2GF,2023_04_15
2023-04-23,9.174882915685398,40.777435972617276,MODIS/061/MOD16A2GF,2023_04_23
2023-05-01,8.918787081800374,48.237327588493336,MODIS/061/MOD16A2GF,2023_05_01
2023-05-09,11.24989306144215,54.978438864750274,MODIS/061/MOD16A2GF,2023_05_09
2023-05-17,15.464988486032729,58.67286570989101,MODIS/061/MOD16A2GF,2023_05_17
2023-05-25,10.492974599973302,71.29348844764048,MODIS/061/MOD16A2GF,2023_05_25
2023-06-02,8.830375325687696,81.48619854850031,MODIS/061/MOD16A2GF,2023_06_02
2023-06-10,9.582719408529341,91.44391281462055,MODIS/061/MOD16A2GF,2023_06_10
2023-06-18,8.074427770723464,93.52563863553075,MODIS/061/MOD16A2GF,2023_06_18
2023-06-26,6.2343303203456095,97.64440744472918,MODIS/061/MOD16A2GF,2023_06_26
2023-07-04,7.784744170132286,95.27234376927227,MODIS/061/MOD16A2GF,2023_07_04
2023-07-12,5.62147193635638,98.49634645370453,MODIS/061/MOD16A2GF,2023_07_12
2023-07-20,4.780416655890043,98.7235925335391,MODIS/061/MOD16A2GF,2023_07_20
2023-07-28,3.9296186456304727,98.87621020004497,MODIS/061/MOD16A2GF,2023_07_28
2023-08-05,5.8958366104219015,97.72475844378786,MODIS/061/MOD16A2GF,2023_08_05
2023-08-13,2.632260971546689,98.53872095285314,MODIS/061/MOD16A2GF,2023_08_13
2023-08-21,4.950936047130583,98.59547103984008,MODIS/061/MOD16A2GF,2023_08_21
2023-08-29,3.777470635536867,89.7486296846003,MODIS/061/MOD16A2GF,2023_08_29
2023-09-06,6.371502569498075,93.32824151798592,MODIS/061/MOD16A2GF,2023_09_06
2023-09-14,5.516848547832498,95.58477160850434,MODIS/061/MOD16A2GF,2023_09_14
2023-09-22,4.97661102120523,96.06182488326625,MODIS/061/MOD16A2GF,2023_09_22
2023-09-30,6.212394975278213,94.76828825183891,MODIS/061/MOD16A2GF,2023_09_30
2023-10-08,4.720758164792658,87.36932902464297,MODIS/061/MOD16A2GF,2023_10_08
2023-10-16,6.709128127516074,69.75493229334549,MODIS/061/MOD16A2GF,2023_10_16
2023-10-24,8.29893925193571,45.58171285480006,MODIS/061/MOD16A2GF,2023_10_24
2023-11-01,3.2960810894316928,48.61261436126058,MODIS/061/MOD16A2GF,2023_11_01
2023-11-09,4.277602314380773,29.84797368986531,MODIS/061/MOD16A2GF,2023_11_09
2023-11-17,6.644383618937986,30.64763009568068,MODIS/061/MOD16A2GF,2023_11_17
2023-11-25,6.1218746352675275,32.1833436179175,MODIS/061/MOD16A2GF,2023_11_25
2023-12-03,7.47987935041178,33.75016461673448,MODIS/061/MOD16A2GF,2023_12_03
2023-12-11,5.224603517822451,0.35974532668703857,MODIS/061/MOD16A2GF,2023_12_11
2023-12-19,4.882763526908395,5.468625951820108,MODIS/061/MOD16A2GF,2023_12_19
2023-12-27,3.255116733241087,2.20295820194364,MODIS/061/MOD16A2GF,2023_12_27
2024-01-01,7.600158440086748,1.464823021254363,MODIS/061/MOD16A2GF,2024_01_01
2024-01-09,7.24134005673816,0.37056648909156137,MODIS/061/MOD16A2GF,2024_01_09
2024-01-17,7.4493793417876955,2.396602505917953,MODIS/061/MOD16A2GF,2024_01_17
2024-01-25,6.209723577971873,0.24954604857191884,MODIS/061/MOD16A2GF,2024_01_25
2024-02-02,7.680001029734456,0.09519032779024117,MODIS/061/MOD16A2GF,2024_02_02
2024-02-10,8.524394718433179,0.9329382116440483,MODIS/061/MOD16A2GF,2024_02_10
2024-02-18,6.799999581866413,0.03807622319620474,MODIS/061/MOD16A2GF,2024_02_18
2024-02-26,9.370586839312107,0.3236460534863466,MODIS/061/MOD16A2GF,2024_02_26
2024-03-05,10.69233278719544,0.5997708337721119,MODIS/061/MOD16A2GF,2024_03_05
2024-03-13,8.475372693224768,2.0441715403154523,MODIS/061/MOD16A2GF,2024_03_13
2024-03-21,12.173748620155642,5.948834078799637,MODIS/061/MOD16A2GF,2024_03_21
2024-03-29,13.35203301791423,9.414930402935015,MODIS/061/MOD16A2GF,2024_03_29
2024-04-06,12.617457850878857,11.80200827819627,MODIS/061/MOD16A2GF,2024_04_06
2024-04-14,13.951879539826507,21.250405274996446,MODIS/061/MOD16A2GF,2024_04_14
2024-04-22,17.033829028782304,28.136085405826453,MODIS/061/MOD16A2GF,2024_04_22
2024-04-30,,0.0,MODIS/061/MOD16A2GF,2024_04_30
2024-05-08,14.139029932294928,44.163239089555525,MODIS/061/MOD16A2GF,2024_05_08
2024-05-16,19.857442970889288,38.32399037853277,MODIS/061/MOD16A2GF,2024_05_16
2024-05-24,14.47117963689175,59.027228052281636,MODIS/061/MOD16A2GF,2024_05_24
2024-06-01,13.542638153452954,67.7745193920706,MODIS/061/MOD16A2GF,2024_06_01
2024-06-09,13.666868638187266,75.67180724955331,MODIS/061/MOD16A2GF,2024_06_09
2024-06-17,14.0879062879022,80.9515025681901,MODIS/061/MOD16A2GF,2024_06_17
2024-06-25,13.02427511469488,87.36781699441062,MODIS/061/MOD16A2GF,2024_06_25
2024-07-03,12.508462834815733,91.47959759496932,MODIS/061/MOD16A2GF,2024_07_03
2024-07-11,13.328721565965939,88.52724775611948,MODIS/061/MOD16A2GF,2024_07_11
2024-07-19,8.814586847784188,96.43788614688648,MODIS/061/MOD16A2GF,2024_07_19
2024-07-27,6.5133011836758685,98.30684422962764,MODIS/061/MOD16A2GF,2024_07_27
2024-08-04,5.56785185459562,98.70178976788581,MODIS/061/MOD16A2GF,2024_08_04
2024-08-12,5.583411627212156,98.575606389424,MODIS/061/MOD16A2GF,2024_08_12
2024-08-20,3.5681563918584094,98.83690001951824,MODIS/061/MOD16A2GF,2024_08_20
2024-08-28,4.130052735285503,98.54708148351236,MODIS/061/MOD16A2GF,2024_08_28
2024-09-05,2.8030077744413,98.3209162401331,MODIS/061/MOD16A2GF,2024_09_05
2024-09-13,4.689555825478535,98.39498765738767,MODIS/061/MOD16A2GF,2024_09_13
2024-09-21,4.921602597688173,96.37596541428272,MODIS/061/MOD16A2GF,2024_09_21
2024-09-29,7.856668428549868,78.32525114844088,MODIS/061/MOD16A2GF,2024_09_29
2024-10-07,7.939814927066287,76.374800376384,MODIS/061/MOD16A2GF,2024_10_07
2024-10-15,4.544772287914606,27.808874598136633,MODIS/061/MOD16A2GF,2024_10_15
2024-10-23,8.369113998228771,33.21354429906899,MODIS/061/MOD16A2GF,2024_10_23
2024-10-31,6.809458744033996,29.34000985419824,MODIS/061/MOD16A2GF,2024_10_31
2024-11-08,7.201394986729489,23.121141084876548,MODIS/061/MOD16A2GF,2024_11_08
2024-11-16,7.140541293302526,11.350049407702768,MODIS/061/MOD16A2GF,2024_11_16
2024-11-24,5.917585100000448,13.007605046642581,MODIS/061/MOD16A2GF,2024_11_24
2024-12-02,6.1079143586882925,4.321131923148866,MODIS/061/MOD16A2GF,2024_12_02
2024-12-10,4.812161224425383,8.387506153953886,MODIS/061/MOD16A2GF,2024_12_10
2024-12-18,4.140048055660785,2.131106403133065,MODIS/061/MOD16A2GF,2024_12_18
2024-12-26,3.7356856674499386,2.2959643583039098,MODIS/061/MOD16A2GF,2024_12_26
2025-01-01,6.413381471917271,1.0220083951495604,MODIS/061/MOD16A2GF,2025_01_01
2025-01-09,3.9465822315236996,3.289488576569078,MODIS/061/MOD16A2GF,2025_01_09
2025-01-17,4.669229381781297,0.1237479200925395,MODIS/061/MOD16A2GF,2025_01_17
2025-01-25,5.962493600621109,0.07615332382673151,MODIS/061/MOD16A2GF,2025_01_25
2025-02-02,8.311734037711144,1.7966897604658736,MODIS/061/MOD16A2GF,2025_02_02
2025-02-10,8.911637110963706,1.0877830821683918,MODIS/061/MOD16A2GF,2025_02_10
2025-02-18,10.086191370516081,4.424944601852046,MODIS/061/MOD16A2GF,2025_02_18
2025-02-26,8.735783820500913,1.3141936029395103,MODIS/061/MOD16A2GF,2025_02_26
2025-03-06,10.341687685220137,4.715429564327611,MODIS/061/MOD16A2GF,2025_03_06
2025-03-14,6.931969120726878,15.268363027374512,MODIS/061/MOD16A2GF,2025_03_14
2025-03-22,11.166863555614128,9.741257868990528,MODIS/061/MOD16A2GF,2025_03_22
2025-03-30,10.69096016702125,23.89660624452415,MODIS/061/MOD16A2GF,2025_03_30
2025-04-07,10.647487406851607,37.429423317707204,MODIS/061/MOD16A2GF,2025_04_07
2025-04-15,13.126973387748697,44.91967739442913,MODIS/061/MOD16A2GF,2025_04_15
2025-04-23,11.979925465408066,52.14445904882602,MODIS/061/MOD16A2GF,2025_04_23
2025-05-01,12.381965819116866,64.5195152670233,MODIS/061/MOD16A2GF,2025_05_01
2025-05-09,11.76455340085811,68.3513213120438,MODIS/061/MOD16A2GF,2025_05_09
2025-05-17,10.926886850379791,80.61890142144819,MODIS/061/MOD16A2GF,2025_05_17
2025-05-25,14.598406790177151,81.4406711281163,MODIS/061/MOD16A2GF,2025_05_25
2025-06-02,9.855389639279126,86.53444250856467,MODIS/061/MOD16A2GF,2025_06_02
2025-06-10,14.87811542443551,92.36558540506807,MODIS/061/MOD16A2GF,2025_06_10
2025-06-18,10.120883892911936,95.82794388906062,MODIS/061/MOD16A2GF,2025_06_18
2025-06-26,7.465553015077242,97.53845589560045,MODIS/061/MOD16A2GF,2025_06_26
2025-07-04,5.352429665036249,97.90043461998327,MODIS/061/MOD16A2GF,2025_07_04
2025-07-12,4.285349722543369,98.62144987691245,MODIS/061/MOD16A2GF,2025_07_12
2025-07-20,3.5791605207602095,98.76843096300452,MODIS/061/MOD16A2GF,2025_07_20
2025-07-28,5.385267844712353,98.67524941924967,MODIS/061/MOD16A2GF,2025_07_28
2025-08-05,3.2109346479666887,98.76783302360406,MODIS/061/MOD16A2GF,2025_08_05
2025-08-13,3.0604190794631023,98.85298940672321,MODIS/061/MOD16A2GF,2025_08_13
2025-08-21,2.045653417507833,98.64699319497271,MODIS/061/MOD16A2GF,2025_08_21
2025-08-29,1.3798368156000906,98.71717193024895,MODIS/061/MOD16A2GF,2025_08_29
2025-09-06,2.485783648367942,97.9467422895294,MODIS/061/MOD16A2GF,2025_09_06
2025-09-14,4.423782763742634,95.7418970079017,MODIS/061/MOD16A2GF,2025_09_14
2025-09-22,4.54611133242052,96.91414257455114,MODIS/061/MOD16A2GF,2025_09_22
2025-09-30,5.745847077230509,78.19614492660429,MODIS/061/MOD16A2GF,2025_09_30
2025-10-08,2.205927257874044,67.26945934001826,MODIS/061/MOD16A2GF,2025_10_08
2025-10-16,4.095054139906703,76.19690238480986,MODIS/061/MOD16A2GF,2025_10_16
2025-10-24,7.703267562879149,62.917322721443334,MODIS/061/MOD16A2GF,2025_10_24
2025-11-01,4.814230823907242,42.50991738670539,MODIS/061/MOD16A2GF,2025_11_01
2025-11-09,5.093828195668049,36.61165641919381,MODIS/061/MOD16A2GF,2025_11_09
2025-11-17,6.280846636837639,39.578108177344824,MODIS/061/MOD16A2GF,2025_11_17
2025-11-25,3.114226035510271,35.022388775255955,MODIS/061/MOD16A2GF,2025_11_25
2025-12-03,5.400530400646553,17.299003258632162,MODIS/061/MOD16A2GF,2025_12_03
2025-12-11,,0.0,MODIS/061/MOD16A2GF,2025_12_11
2025-12-19,6.9,0.009518871490318341,MODIS/061/MOD16A2GF,2025_12_19
2025-12-27,4.649999705376614,0.11422648699301562,MODIS/061/MOD16A2GF,2025_12_27
