model,scenario,temperature_delta_c,precipitation_multiplier,glacier_area_multiplier,mean_discharge_cms,ice_fraction,month,discharge_cms
m3,Historical forcing,0,1,1,62.074917087775006,0.0,1,12.978526374423337
m3,Historical forcing,0,1,1,62.074917087775006,0.0,2,8.245810169731957
m3,Historical forcing,0,1,1,62.074917087775006,0.0,3,6.635886090348572
m3,Historical forcing,0,1,1,62.074917087775006,0.0,4,28.636196606473966
m3,Historical forcing,0,1,1,62.074917087775006,0.0,5,162.18036241791305
m3,Historical forcing,0,1,1,62.074917087775006,0.0,6,176.9199018166406
m3,Historical forcing,0,1,1,62.074917087775006,0.0,7,120.74782143843609
m3,Historical forcing,0,1,1,62.074917087775006,0.0,8,77.70859830344591
m3,Historical forcing,0,1,1,62.074917087775006,0.0,9,49.895158483787654
m3,Historical forcing,0,1,1,62.074917087775006,0.0,10,42.20529974453237
m3,Historical forcing,0,1,1,62.074917087775006,0.0,11,33.9563939646261
m3,Historical forcing,0,1,1,62.074917087775006,0.0,12,21.401965984876814
m3,"Warmer / wetter: +2.2 C, +5% P",2.2,1.05,1,61.946216385087304,0.0,1,15.737559173675473
m3,"Warmer / wetter: +2.2 C, +5% P",2.2,1.05,1,61.946216385087304,0.0,2,10.200991790666242
m3,"Warmer / wetter: +2.2 C, +5% P",2.2,1.05,1,61.946216385087304,0.0,3,16.228182866224266
m3,"Warmer / wetter: +2.2 C, +5% P",2.2,1.05,1,61.946216385087304,0.0,4,75.50076791008847
m3,"Warmer / wetter: +2.2 C, +5% P",2.2,1.05,1,61.946216385087304,0.0,5,178.17299658980423
m3,"Warmer / wetter: +2.2 C, +5% P",2.2,1.05,1,61.946216385087304,0.0,6,140.90179908955224
m3,"Warmer / wetter: +2.2 C, +5% P",2.2,1.05,1,61.946216385087304,0.0,7,97.00868512851576
m3,"Warmer / wetter: +2.2 C, +5% P",2.2,1.05,1,61.946216385087304,0.0,8,62.665399468102606
m3,"Warmer / wetter: +2.2 C, +5% P",2.2,1.05,1,61.946216385087304,0.0,9,40.392916505481715
m3,"Warmer / wetter: +2.2 C, +5% P",2.2,1.05,1,61.946216385087304,0.0,10,39.49016954391783
m3,"Warmer / wetter: +2.2 C, +5% P",2.2,1.05,1,61.946216385087304,0.0,11,39.15983637056014
m3,"Warmer / wetter: +2.2 C, +5% P",2.2,1.05,1,61.946216385087304,0.0,12,24.91848994046486
m3,"Warmer / wetter: +3.1 C, +7% P",3.1,1.07,1,61.75254615597976,0.0,1,16.88808873955026
m3,"Warmer / wetter: +3.1 C, +7% P",3.1,1.07,1,61.75254615597976,0.0,2,11.126902207315908
m3,"Warmer / wetter: +3.1 C, +7% P",3.1,1.07,1,61.75254615597976,0.0,3,22.860070178108373
m3,"Warmer / wetter: +3.1 C, +7% P",3.1,1.07,1,61.75254615597976,0.0,4,102.80115957340645
m3,"Warmer / wetter: +3.1 C, +7% P",3.1,1.07,1,61.75254615597976,0.0,5,170.94623950609216
m3,"Warmer / wetter: +3.1 C, +7% P",3.1,1.07,1,61.75254615597976,0.0,6,127.62597490367897
m3,"Warmer / wetter: +3.1 C, +7% P",3.1,1.07,1,61.75254615597976,0.0,7,88.2430397525937
m3,"Warmer / wetter: +3.1 C, +7% P",3.1,1.07,1,61.75254615597976,0.0,8,57.07506098667798
m3,"Warmer / wetter: +3.1 C, +7% P",3.1,1.07,1,61.75254615597976,0.0,9,36.89270827975801
m3,"Warmer / wetter: +3.1 C, +7% P",3.1,1.07,1,61.75254615597976,0.0,10,37.3435834716825
m3,"Warmer / wetter: +3.1 C, +7% P",3.1,1.07,1,61.75254615597976,0.0,11,39.803934496588646
m3,"Warmer / wetter: +3.1 C, +7% P",3.1,1.07,1,61.75254615597976,0.0,12,26.93027985640546
m3,"Warmer / drier: +2 C, -10% P",2,0.9,1,50.76895918629812,0.0,1,12.249419384334026
m3,"Warmer / drier: +2 C, -10% P",2,0.9,1,50.76895918629812,0.0,2,7.948834524311559
m3,"Warmer / drier: +2 C, -10% P",2,0.9,1,50.76895918629812,0.0,3,13.447276366425552
m3,"Warmer / drier: +2 C, -10% P",2,0.9,1,50.76895918629812,0.0,4,66.57916606650586
m3,"Warmer / drier: +2 C, -10% P",2,0.9,1,50.76895918629812,0.0,5,151.36120369792368
m3,"Warmer / drier: +2 C, -10% P",2,0.9,1,50.76895918629812,0.0,6,115.2950884912651
m3,"Warmer / drier: +2 C, -10% P",2,0.9,1,50.76895918629812,0.0,7,77.63077150516862
m3,"Warmer / drier: +2 C, -10% P",2,0.9,1,50.76895918629812,0.0,8,49.650308052389086
m3,"Warmer / drier: +2 C, -10% P",2,0.9,1,50.76895918629812,0.0,9,31.718056433233933
m3,"Warmer / drier: +2 C, -10% P",2,0.9,1,50.76895918629812,0.0,10,30.688678269880874
m3,"Warmer / drier: +2 C, -10% P",2,0.9,1,50.76895918629812,0.0,11,30.71278358272354
m3,"Warmer / drier: +2 C, -10% P",2,0.9,1,50.76895918629812,0.0,12,19.526672415434046
m3,Warmer / drier and half glacier area,2,0.9,0.5,50.76895918629812,0.0,1,12.249419384334026
m3,Warmer / drier and half glacier area,2,0.9,0.5,50.76895918629812,0.0,2,7.948834524311559
m3,Warmer / drier and half glacier area,2,0.9,0.5,50.76895918629812,0.0,3,13.447276366425552
m3,Warmer / drier and half glacier area,2,0.9,0.5,50.76895918629812,0.0,4,66.57916606650586
m3,Warmer / drier and half glacier area,2,0.9,0.5,50.76895918629812,0.0,5,151.36120369792368
m3,Warmer / drier and half glacier area,2,0.9,0.5,50.76895918629812,0.0,6,115.2950884912651
m3,Warmer / drier and half glacier area,2,0.9,0.5,50.76895918629812,0.0,7,77.63077150516862
m3,Warmer / drier and half glacier area,2,0.9,0.5,50.76895918629812,0.0,8,49.650308052389086
m3,Warmer / drier and half glacier area,2,0.9,0.5,50.76895918629812,0.0,9,31.718056433233933
m3,Warmer / drier and half glacier area,2,0.9,0.5,50.76895918629812,0.0,10,30.688678269880874
m3,Warmer / drier and half glacier area,2,0.9,0.5,50.76895918629812,0.0,11,30.71278358272354
m3,Warmer / drier and half glacier area,2,0.9,0.5,50.76895918629812,0.0,12,19.526672415434046
m4,Historical forcing,0,1,1,63.06086593121713,0.0,1,8.55644512637887
m4,Historical forcing,0,1,1,63.06086593121713,0.0,2,8.303049909149866
m4,Historical forcing,0,1,1,63.06086593121713,0.0,3,24.98803296105395
m4,Historical forcing,0,1,1,63.06086593121713,0.0,4,58.521437063106305
m4,Historical forcing,0,1,1,63.06086593121713,0.0,5,146.87671366130286
m4,Historical forcing,0,1,1,63.06086593121713,0.0,6,210.85283407608242
m4,Historical forcing,0,1,1,63.06086593121713,0.0,7,131.7716427157298
m4,Historical forcing,0,1,1,63.06086593121713,0.0,8,57.50708213839087
m4,Historical forcing,0,1,1,63.06086593121713,0.0,9,27.23751238639452
m4,Historical forcing,0,1,1,63.06086593121713,0.0,10,30.659967861357124
m4,Historical forcing,0,1,1,63.06086593121713,0.0,11,28.656212997786014
m4,Historical forcing,0,1,1,63.06086593121713,0.0,12,20.360627214141182
m4,"Warmer / wetter: +2.2 C, +5% P",2.2,1.05,1,64.05509131087949,0.0,1,14.416117922367183
m4,"Warmer / wetter: +2.2 C, +5% P",2.2,1.05,1,64.05509131087949,0.0,2,19.268441046379596
m4,"Warmer / wetter: +2.2 C, +5% P",2.2,1.05,1,64.05509131087949,0.0,3,34.07328305896525
m4,"Warmer / wetter: +2.2 C, +5% P",2.2,1.05,1,64.05509131087949,0.0,4,78.09435145937627
m4,"Warmer / wetter: +2.2 C, +5% P",2.2,1.05,1,64.05509131087949,0.0,5,174.16797269498045
m4,"Warmer / wetter: +2.2 C, +5% P",2.2,1.05,1,64.05509131087949,0.0,6,188.03328098386856
m4,"Warmer / wetter: +2.2 C, +5% P",2.2,1.05,1,64.05509131087949,0.0,7,97.65275438041246
m4,"Warmer / wetter: +2.2 C, +5% P",2.2,1.05,1,64.05509131087949,0.0,8,44.31447484540795
m4,"Warmer / wetter: +2.2 C, +5% P",2.2,1.05,1,64.05509131087949,0.0,9,21.96981870909773
m4,"Warmer / wetter: +2.2 C, +5% P",2.2,1.05,1,64.05509131087949,0.0,10,33.86453468733881
m4,"Warmer / wetter: +2.2 C, +5% P",2.2,1.05,1,64.05509131087949,0.0,11,34.6344343189001
m4,"Warmer / wetter: +2.2 C, +5% P",2.2,1.05,1,64.05509131087949,0.0,12,26.395752759720192
m4,"Warmer / wetter: +3.1 C, +7% P",3.1,1.07,1,64.34359432653878,0.0,1,17.885603606123638
m4,"Warmer / wetter: +3.1 C, +7% P",3.1,1.07,1,64.34359432653878,0.0,2,25.28468490793701
m4,"Warmer / wetter: +3.1 C, +7% P",3.1,1.07,1,64.34359432653878,0.0,3,37.405905721895905
m4,"Warmer / wetter: +3.1 C, +7% P",3.1,1.07,1,64.34359432653878,0.0,4,94.32157989671343
m4,"Warmer / wetter: +3.1 C, +7% P",3.1,1.07,1,64.34359432653878,0.0,5,177.88024987186725
m4,"Warmer / wetter: +3.1 C, +7% P",3.1,1.07,1,64.34359432653878,0.0,6,169.60379887761428
m4,"Warmer / wetter: +3.1 C, +7% P",3.1,1.07,1,64.34359432653878,0.0,7,87.25638781116207
m4,"Warmer / wetter: +3.1 C, +7% P",3.1,1.07,1,64.34359432653878,0.0,8,40.24805638909193
m4,"Warmer / wetter: +3.1 C, +7% P",3.1,1.07,1,64.34359432653878,0.0,9,20.284938545804867
m4,"Warmer / wetter: +3.1 C, +7% P",3.1,1.07,1,64.34359432653878,0.0,10,34.294729163308176
m4,"Warmer / wetter: +3.1 C, +7% P",3.1,1.07,1,64.34359432653878,0.0,11,37.880271203231054
m4,"Warmer / wetter: +3.1 C, +7% P",3.1,1.07,1,64.34359432653878,0.0,12,28.444641129093792
m4,"Warmer / drier: +2 C, -10% P",2,0.9,1,53.12079741147614,0.0,1,11.401767001149237
m4,"Warmer / drier: +2 C, -10% P",2,0.9,1,53.12079741147614,0.0,2,15.563587137558466
m4,"Warmer / drier: +2 C, -10% P",2,0.9,1,53.12079741147614,0.0,3,29.300883628484133
m4,"Warmer / drier: +2 C, -10% P",2,0.9,1,53.12079741147614,0.0,4,68.53461540270104
m4,"Warmer / drier: +2 C, -10% P",2,0.9,1,53.12079741147614,0.0,5,149.23461185650396
m4,"Warmer / drier: +2 C, -10% P",2,0.9,1,53.12079741147614,0.0,6,156.5100841112255
m4,"Warmer / drier: +2 C, -10% P",2,0.9,1,53.12079741147614,0.0,7,79.12265937148942
m4,"Warmer / drier: +2 C, -10% P",2,0.9,1,53.12079741147614,0.0,8,34.8966727151088
m4,"Warmer / drier: +2 C, -10% P",2,0.9,1,53.12079741147614,0.0,9,16.50627379879997
m4,"Warmer / drier: +2 C, -10% P",2,0.9,1,53.12079741147614,0.0,10,26.14560762297225
m4,"Warmer / drier: +2 C, -10% P",2,0.9,1,53.12079741147614,0.0,11,27.431289976486664
m4,"Warmer / drier: +2 C, -10% P",2,0.9,1,53.12079741147614,0.0,12,21.33564774518226
m4,Warmer / drier and half glacier area,2,0.9,0.5,53.12079741147614,0.0,1,11.401767001149237
m4,Warmer / drier and half glacier area,2,0.9,0.5,53.12079741147614,0.0,2,15.563587137558466
m4,Warmer / drier and half glacier area,2,0.9,0.5,53.12079741147614,0.0,3,29.300883628484133
m4,Warmer / drier and half glacier area,2,0.9,0.5,53.12079741147614,0.0,4,68.53461540270104
m4,Warmer / drier and half glacier area,2,0.9,0.5,53.12079741147614,0.0,5,149.23461185650396
m4,Warmer / drier and half glacier area,2,0.9,0.5,53.12079741147614,0.0,6,156.5100841112255
m4,Warmer / drier and half glacier area,2,0.9,0.5,53.12079741147614,0.0,7,79.12265937148942
m4,Warmer / drier and half glacier area,2,0.9,0.5,53.12079741147614,0.0,8,34.8966727151088
m4,Warmer / drier and half glacier area,2,0.9,0.5,53.12079741147614,0.0,9,16.50627379879997
m4,Warmer / drier and half glacier area,2,0.9,0.5,53.12079741147614,0.0,10,26.14560762297225
m4,Warmer / drier and half glacier area,2,0.9,0.5,53.12079741147614,0.0,11,27.431289976486664
m4,Warmer / drier and half glacier area,2,0.9,0.5,53.12079741147614,0.0,12,21.33564774518226
