period,product,value,covered_days,expected_days,mean_valid_area_percent
2000-02,lst,-10.768601708695227,4,29,62.93680292140951
2000-03,lst,-7.0617880636770005,31,31,51.634709390285266
2000-04,lst,5.739240608185596,30,30,44.1955099072996
2000-05,lst,14.510243122406644,31,31,76.7460034800511
2000-06,lst,22.062744271555818,30,30,83.46340165837577
2000-07,lst,26.1557602884325,31,31,83.64862751277737
2000-08,lst,28.333216354047813,31,31,97.39869669895992
2000-09,lst,21.076891256908883,30,30,87.48112718584319
2000-10,lst,-1.9950416090466496,31,31,39.5416769889103
2000-11,lst,-9.907305796383246,30,30,42.884009414549126
2000-12,lst,-12.184710570587727,31,31,54.9873138427906
2001-01,lst,-14.220256850304315,31,31,48.63479046615046
2001-02,lst,-10.978562605877828,28,28,60.03761661463711
2001-03,lst,-4.588142197198025,31,31,55.512873661269026
2001-04,lst,4.573316005404917,30,30,56.87515406394281
2001-05,lst,15.820738589413843,31,31,89.19708717429265
2001-06,lst,21.902054941224428,17,30,93.23473522132399
2001-07,lst,26.737220679244302,28,31,73.13303770707674
2001-08,lst,22.830091469535887,31,31,94.76468954345532
2001-09,lst,17.13421254246931,30,30,88.93485813530343
2001-10,lst,5.746410080510469,31,31,50.112448222083145
2001-11,lst,-9.073445794703114,30,30,32.78718333208905
2001-12,lst,-14.114695473321406,31,31,47.04655957292927
2002-01,lst,-13.817195691773064,31,31,41.554515772596964
2002-02,lst,-9.454937022317969,28,28,66.36900305069013
2002-03,lst,-5.430850496433295,31,31,29.399334825888456
2002-04,lst,-1.0168832551591698,22,30,50.196410431397496
2002-05,lst,5.172846336704076,31,31,52.67091970206252
2002-06,lst,12.899808457736945,30,30,60.961881846523184
2002-07,lst,20.719998898280842,31,31,63.50578655394823
2002-08,lst,24.7975705349541,31,31,87.95822282618845
2002-09,lst,21.14996455443319,30,30,99.22875298464078
2002-10,lst,12.352825169935347,31,31,69.04646041049075
2002-11,lst,0.5419568109337263,30,30,20.10475452384598
2002-12,lst,-16.009092236453743,31,31,31.32385255641164
2003-01,lst,-10.752238044845884,31,31,52.57676015479036
2003-02,lst,-12.350829246979023,28,28,40.49642112321751
2003-03,lst,-8.203959925282781,23,31,57.292532469975484
2003-04,lst,-2.048432811881644,30,30,58.45940010669882
2003-05,lst,7.090873951255265,31,31,65.76782408905008
2003-06,lst,16.589518640692145,30,30,97.278122287782
2003-07,lst,21.806446417199112,31,31,97.95853510171435
2003-08,lst,24.51316684512995,31,31,88.33073485245413
2003-09,lst,19.98834741777969,30,30,90.87960332857187
2003-10,lst,9.633023959805927,31,31,54.74788358720622
2003-11,lst,-12.086761294261658,30,30,43.730769294747326
2003-12,lst,-15.145919757024172,31,31,53.63689271308886
2004-01,lst,-13.455694582597156,31,31,51.812219942758574
2004-02,lst,-9.515712198204753,29,29,59.22844184854509
2004-03,lst,-6.712436720682137,31,31,56.374849049631116
2004-04,lst,1.2750089864572172,30,30,49.921818816024896
2004-05,lst,11.524104462561606,31,31,69.86593191814643
2004-06,lst,19.757893947456328,30,30,95.59151304108407
2004-07,lst,23.994159536502796,31,31,60.6788621086574
2004-08,lst,24.448832191760328,31,31,95.8181650113315
2004-09,lst,20.28965808641285,30,30,91.94198694732042
2004-10,lst,7.991225910032183,31,31,45.64103966017097
2004-11,lst,-5.050290178624213,30,30,37.226121638497304
2004-12,lst,-13.46345636618535,31,31,30.06822293822166
2005-01,lst,-16.126007799632024,31,31,26.482201510593043
2005-02,lst,-12.689006380016744,28,28,76.75709706417935
2005-03,lst,-4.074964439862417,31,31,65.17838478874047
2005-04,lst,1.255955883168218,30,30,53.76089554750295
2005-05,lst,10.164616497576509,31,31,57.92927583422398
2005-06,lst,19.713998744188945,30,30,93.27123005992247
2005-07,lst,25.154590978654017,31,31,91.10829862473841
2005-08,lst,21.57887162942112,31,31,76.61302415651296
2005-09,lst,20.26606923590644,30,30,97.95085329371406
2005-10,lst,14.144031940283929,31,31,49.35308662035905
2005-11,lst,-4.449363032639355,30,30,39.48673965790833
2005-12,lst,-13.115100618207293,31,31,60.80777110751665
2006-01,lst,-17.404667770584894,31,31,29.590778577283082
2006-02,lst,-8.387330397286506,28,28,57.5279167191719
2006-03,lst,-4.618386181654478,31,31,43.2092599115643
2006-04,lst,3.313774189833015,30,30,65.27737175385646
2006-05,lst,14.756877073600771,31,31,70.39283235191887
2006-06,lst,21.05162363338279,30,30,81.04462638536842
2006-07,lst,24.191040915205075,31,31,88.5251140299036
2006-08,lst,28.37075453723109,31,31,99.84627420485167
2006-09,lst,18.540160369515906,30,30,95.19343406787017
2006-10,lst,7.141790407793546,31,31,62.80223358301605
2006-11,lst,-7.97446619239418,30,30,23.085601504295877
2006-12,lst,-12.709847549322,31,31,65.22415885157895
2007-01,lst,-13.861674548196355,31,31,42.75942189997257
2007-02,lst,-11.23802234308432,28,28,48.45689050219334
2007-03,lst,-7.625171332818189,31,31,52.34742566633815
2007-04,lst,4.172126987384948,30,30,51.37355426721926
2007-05,lst,13.483680200605257,31,31,82.98885359622012
2007-06,lst,20.06004099833913,30,30,90.98752837713747
2007-07,lst,24.440370167974912,31,31,76.83097991179021
2007-08,lst,25.532833298629097,31,31,97.82812782395713
2007-09,lst,22.517145058552906,30,30,97.82079787476447
2007-10,lst,12.415864986631437,31,31,62.30249469119006
2007-11,lst,-2.680421905738623,30,30,31.065272511209244
2007-12,lst,-16.77685233973151,31,31,33.43481834643684
2008-01,lst,-17.940662000042582,31,31,44.653199374578506
2008-02,lst,-13.50285903874407,29,29,53.514566919796025
2008-03,lst,-2.956934183997104,31,31,40.513566464862535
2008-04,lst,6.603880968588459,30,30,59.36300897440831
2008-05,lst,17.020868145310256,31,31,87.42297604140438
2008-06,lst,24.167645279655577,30,30,94.04851094196121
2008-07,lst,27.245902568647573,31,31,76.13576661460814
2008-08,lst,28.584498574399774,31,31,99.92619723132212
2008-09,lst,19.792534879292685,30,30,96.97789377115129
2008-10,lst,5.152475072354499,31,31,46.66033187298777
2008-11,lst,-9.505510314506871,30,30,63.35133784803563
2008-12,lst,-12.08373062236634,31,31,30.21250951882256
2009-01,lst,-12.899700927777701,31,31,57.74986153663521
2009-02,lst,-11.728378392948501,28,28,38.25729688251643
2009-03,lst,-5.7916633246356755,31,31,52.45239477595376
2009-04,lst,-1.5201528675761689,30,30,55.608256013127
2009-05,lst,8.829910967079728,31,31,79.65445587103339
2009-06,lst,15.554435547089167,30,30,82.85781360720243
2009-07,lst,21.604724791383102,31,31,81.50255560244574
2009-08,lst,23.06123576689682,31,31,92.08695054466625
2009-09,lst,17.046340947346366,30,30,74.25712784530327
2009-10,lst,12.057190653318148,31,31,67.75633740164723
2009-11,lst,-3.816466334189762,30,30,15.950529474609759
2009-12,lst,-13.585666198820478,31,31,40.095077964873965
2010-01,lst,-15.539609654145925,31,31,41.383719548399476
2010-02,lst,-14.378391129614931,20,28,50.666983613632
2010-03,lst,-8.148162638240498,31,31,39.07459734603194
2010-04,lst,2.394881116533497,30,30,65.27632292799493
2010-05,lst,9.261477930590852,31,31,49.40611105624101
2010-06,lst,17.89058491714197,30,30,62.56806702209526
2010-07,lst,20.489963289076098,31,31,82.90378944524481
2010-08,lst,23.90574230173481,31,31,98.36062526204269
2010-09,lst,18.071388218374604,30,30,86.49897913109136
2010-10,lst,12.941576942289968,31,31,40.74170497619747
2010-11,lst,3.475515315967974,30,30,17.76759800938173
2010-12,lst,-10.298067715822036,31,31,15.143774053278936
2011-01,lst,-15.827989491517483,31,31,9.152356356144832
2011-02,lst,-13.365910208214956,28,28,48.35367211561256
2011-03,lst,-6.834751882248998,31,31,58.06420458325314
2011-04,lst,4.1466011440743635,30,30,61.977931476192175
2011-05,lst,14.92917312731672,31,31,82.00965149329339
2011-06,lst,18.144271314460763,30,30,63.455333522128036
2011-07,lst,24.587518791671936,31,31,98.21196609401092
2011-08,lst,27.465759895657786,31,31,99.14585085618177
2011-09,lst,21.494215650740838,30,30,97.3902117731431
2011-10,lst,9.111403195371128,31,31,40.392835935401216
2011-11,lst,-8.966967913037461,30,30,38.565372803478716
2011-12,lst,-16.488503154511584,31,31,43.577953625118106
2012-01,lst,-16.464273004489637,31,31,46.094993052554294
2012-02,lst,-14.941365777191395,29,29,42.0299148955875
2012-03,lst,-7.0944755449874775,31,31,54.32505340218728
2012-04,lst,5.431606231382573,30,30,78.16538773768217
2012-05,lst,11.387995739529815,31,31,56.07226781042011
2012-06,lst,20.739283127561997,30,30,76.70427464617269
2012-07,lst,25.263989878971273,31,31,87.91770786364506
2012-08,lst,26.777352433507904,31,31,99.3485758938469
2012-09,lst,21.843389761508107,30,30,97.04954472335541
2012-10,lst,12.92491952482303,31,31,40.76766014363219
2012-11,lst,-6.747813377415733,30,30,37.96287829800585
2012-12,lst,-13.82767886411806,31,31,35.64917048111641
2013-01,lst,-14.044711343358436,31,31,38.30972221387269
2013-02,lst,-11.41215707500389,28,28,51.73335373540127
2013-03,lst,-4.329765883525441,23,31,43.06356761253313
2013-04,lst,2.2255480503040372,30,30,55.5063023466473
2013-05,lst,13.013745620722515,31,31,77.19589829184366
2013-06,lst,19.35591374656606,30,30,93.58689919733986
2013-07,lst,22.07720363934357,31,31,70.57476017502364
2013-08,lst,25.16667867012703,31,31,98.30911778695875
2013-09,lst,21.89585616327066,30,30,99.36605049608633
2013-10,lst,14.334637164847843,31,31,69.77520925488494
2013-11,lst,-2.4297741081590156,30,30,12.109113157374628
2013-12,lst,-14.10023584014504,31,31,26.27226894740643
2014-01,lst,-14.67660990117324,31,31,45.43154477217366
2014-02,lst,-14.931296528634524,28,28,53.94002593677669
2014-03,lst,-6.3540997638391294,31,31,47.75752844440326
2014-04,lst,-0.8220957627873873,30,30,51.18604399612174
2014-05,lst,14.267841870665439,31,31,94.8548406007465
2014-06,lst,19.37340721768356,30,30,85.04051819757568
2014-07,lst,26.409355465126634,31,31,98.81410627749533
2014-08,lst,27.917187534745327,31,31,98.99534312348615
2014-09,lst,21.497706936910582,30,30,90.68140222165935
2014-10,lst,5.736516668689068,31,31,39.31637885676834
2014-11,lst,-10.921196772807798,30,30,34.11934186529191
2014-12,lst,-12.98497181486633,31,31,45.64445260966365
2015-01,lst,-12.763368683845398,31,31,37.669521182922296
2015-02,lst,-10.935409671663434,28,28,55.99993808063316
2015-03,lst,-6.241011924647989,31,31,60.93953877919329
2015-04,lst,1.5996231644944985,30,30,52.79651165031977
2015-05,lst,13.263665825650518,31,31,51.67553924262415
2015-06,lst,21.142581955488748,30,30,81.62317919278244
2015-07,lst,27.79999332906415,31,31,90.22127522006114
2015-08,lst,26.817896445778906,31,31,96.74948171096646
2015-09,lst,18.169343805753318,30,30,94.01735933274668
2015-10,lst,4.156449016525408,31,31,57.1639566661426
2015-11,lst,-9.450454461784132,30,30,40.38883337786678
2015-12,lst,-14.664673094399745,31,31,34.40621245387849
2016-01,lst,-10.184389128570754,31,31,46.70719406811934
2016-02,lst,-9.784213789682507,29,29,67.22793350882377
2016-03,lst,-1.9176198454920186,31,31,33.82803235204121
2016-04,lst,5.0804087873224235,30,30,41.61924809931547
2016-05,lst,12.417248179199229,31,31,57.68654498922326
2016-06,lst,19.341095878807153,30,30,93.24150775241013
2016-07,lst,22.184832547930217,31,31,89.21435188008518
2016-08,lst,24.126854699976725,31,31,75.76520346176459
2016-09,lst,20.620023112501066,30,30,90.47068064685931
2016-10,lst,1.884765454562064,31,31,49.37710945923066
2016-11,lst,-10.114277699681262,30,30,28.074510393477837
2016-12,lst,-12.393525828514969,31,31,36.895463700299175
2017-01,lst,-13.83343266602832,31,31,49.82197824998267
2017-02,lst,-14.300669283999216,28,28,47.712592496680436
2017-03,lst,-7.930621896047381,31,31,66.25874141386684
2017-04,lst,0.37506488310280683,30,30,64.57260706424117
2017-05,lst,11.441329423001562,31,31,91.8656299970173
2017-06,lst,18.35142705923977,30,30,82.64490621481572
2017-07,lst,26.412297688931453,31,31,98.95152872896969
2017-08,lst,26.308003207159565,31,31,99.27232778544995
2017-09,lst,21.484637697434398,30,30,96.82911886712193
2017-10,lst,6.873794113360147,31,31,39.51146587476119
2017-11,lst,2.781158083051785,30,30,7.820536002107305
2017-12,lst,-13.980569583758118,31,31,27.441764176918245
2018-01,lst,-13.080773861857441,31,31,43.17057812060086
2018-02,lst,-12.432660363410477,28,28,35.23581191857891
2018-03,lst,-5.0348207697395315,31,31,43.9952192789237
2018-04,lst,4.014430073462159,30,30,66.92200245970126
2018-05,lst,12.960692490160373,31,31,74.31198278943229
2018-06,lst,17.955252886153524,30,30,67.84171470362179
2018-07,lst,26.163524133547266,31,31,97.89384665486126
2018-08,lst,25.62111983317539,31,31,99.50065294253926
2018-09,lst,21.156727958784924,30,30,94.66536880547626
2018-10,lst,5.23499740383861,31,31,41.844672759790704
2018-11,lst,-10.054419730670464,30,30,19.527500389358995
2018-12,lst,-12.624937900319129,31,31,44.949099065771875
2019-01,lst,-14.007834858860894,31,31,53.21504975440194
2019-02,lst,-12.942042360368477,28,28,29.09649384997652
2019-03,lst,-5.7564326041481095,31,31,40.01095335992085
2019-04,lst,2.029459100542227,30,30,43.658009799267525
2019-05,lst,12.880589951835876,31,31,93.81531847023994
2019-06,lst,19.498308613236574,30,30,50.45947138579412
2019-07,lst,26.52911603668452,31,31,96.74933890316517
2019-08,lst,27.05390202701947,31,31,94.26971207872501
2019-09,lst,19.194652569821834,30,30,92.19974184047804
2019-10,lst,14.292973629534929,31,31,59.424181006532
2019-11,lst,-6.461556997659039,30,30,16.672690551881413
2019-12,lst,-12.126211082394763,31,31,47.03372066014044
2020-01,lst,-15.408897695382278,31,31,32.66647813025999
2020-02,lst,-10.190289907705479,29,29,42.845838606127266
2020-03,lst,-4.298278967888324,31,31,43.10248078072438
2020-04,lst,4.689261651066948,30,30,43.779131201060935
2020-05,lst,15.226252004713183,31,31,72.48736516187711
2020-06,lst,21.181970012107733,30,30,78.28342635338868
2020-07,lst,24.287367827166413,31,31,69.76783505765049
2020-08,lst,23.9598698053375,31,31,86.26427565504305
2020-09,lst,18.405220293337276,30,30,95.39721340796162
2020-10,lst,13.419949212719386,31,31,64.92802801824054
2020-11,lst,-4.6719532707624145,30,30,26.198824618028166
2020-12,lst,-13.955998985680552,31,31,43.061892116110315
2021-01,lst,-11.908160672488316,31,31,47.16623154656772
2021-02,lst,-9.461664338802413,28,28,45.70518678901709
2021-03,lst,-8.560864252086105,23,31,59.551378961103076
2021-04,lst,0.8229608375139861,30,30,59.839847242469354
2021-05,lst,15.526655565920226,31,31,83.84539832712059
2021-06,lst,21.0147678932201,30,30,70.78215252834507
2021-07,lst,26.879400513315495,31,31,91.44267082721485
2021-08,lst,26.106730187854513,31,31,84.45727016084062
2021-09,lst,23.76418572763602,30,30,97.65860424405984
2021-10,lst,6.6967298942864,31,31,39.61224398230364
2021-11,lst,-4.17758958860881,30,30,13.114432650848348
2021-12,lst,-12.40593364059299,31,31,33.1504964213419
2022-01,lst,-13.547697407637092,31,31,57.615637623543385
2022-02,lst,-12.314243556430322,28,28,54.432745142531715
2022-03,lst,-8.162739845925193,23,31,45.870839884953604
2022-04,lst,5.4277197013937215,30,30,51.79124294723656
2022-05,lst,15.372822167093252,31,31,71.05838238615216
2022-06,lst,20.387045448592875,30,30,73.2218804202637
2022-07,lst,27.302436343750042,31,31,97.8660240818345
2022-08,lst,25.863757222453714,31,31,93.52993578775398
2022-09,lst,23.09995470728985,30,30,99.15365903630851
2022-10,lst,9.360515080988845,23,31,62.615123901457025
2022-11,lst,-10.09994715159495,30,30,49.03049905178589
2022-12,lst,-14.021407129233033,31,31,50.28163586611692
2023-01,lst,-14.894646668754474,31,31,57.005412185227605
2023-02,lst,-11.819607360701069,28,28,31.59728695308794
2023-03,lst,-4.61337751102292,31,31,58.608674225581595
2023-04,lst,4.201111260420472,30,30,63.21910690837329
2023-05,lst,13.914267759077257,31,31,79.99063509361356
2023-06,lst,22.002898673110455,30,30,88.43888745592547
2023-07,lst,26.13929352004561,31,31,92.34975993857442
2023-08,lst,24.639626229938823,31,31,89.89877510018376
2023-09,lst,15.864265023133576,30,30,66.28231521505296
2023-10,lst,9.98729523182465,31,31,47.90284963358842
2023-11,lst,-4.091115949749709,30,30,22.059120779614506
2023-12,lst,-10.333709333969452,31,31,27.478666372668066
2024-01,lst,-12.830276225666026,31,31,26.294000835521288
2024-02,lst,-9.59710394141177,29,29,27.557335999615766
2024-03,lst,-7.511658981126318,31,31,59.34396061012403
2024-04,lst,1.0080177119236506,30,30,44.50944892653014
2024-05,lst,10.201501103367882,31,31,60.81722654592175
2024-06,lst,18.274745282934212,30,30,91.69462404994415
2024-07,lst,21.249126905990835,31,31,65.55079563690569
2024-08,lst,22.606213758976825,31,31,95.30525065575817
2024-09,lst,16.42607091086864,30,30,94.50696114391864
2024-10,lst,5.3732023053864655,31,31,49.045147965495865
2024-11,lst,-10.467744664772544,30,30,39.77661387094034
2024-12,lst,-17.48186100053772,31,31,37.13485597473986
2025-01,lst,-15.878653262045866,31,31,31.216273218318268
2025-02,lst,-14.025686842574078,28,28,40.275635508689014
2025-03,lst,-8.597429879715728,31,31,34.116706504551495
2025-04,lst,5.3649407263664965,30,30,49.644357887485526
2025-05,lst,17.1878816879158,31,31,91.07127392840755
2025-06,lst,20.03930778735328,30,30,97.49797941131477
2025-07,lst,26.468265528851763,31,31,99.74581963624561
2025-08,lst,23.996048544368747,31,31,99.90104766231396
2025-09,lst,16.829338530304998,30,30,95.7338446013654
2025-10,lst,5.97678211887238,31,31,30.902948407317936
2025-11,lst,-6.99904979282868,30,30,12.943853769101233
2025-12,lst,-14.296443081736006,31,31,14.797701599078255
2026-01,lst,-16.609665110557092,31,31,41.01743120457907
2026-02,lst,-9.800038002782665,28,28,54.23244079892144
2026-03,lst,-8.420599877838024,31,31,46.8967010167399
2026-04,lst,1.0938470596280996,30,30,45.76686471386484
2026-05,lst,9.166877549003786,31,31,67.83097296109075
2026-06,lst,15.364227723859386,30,30,74.58737381941758
2026-07,lst,20.862449836824762,31,31,93.64799474565613
2026-08,lst,20.96965550550758,28,31,99.7960313300327
2000-02,et,,4,29,4.182648056514371
2000-03,et,36.23693650281444,31,31,8.229420002039264
2000-04,et,37.474426682779026,30,30,33.61187542550989
2000-05,et,44.43561038023165,31,31,66.80870728758093
2000-06,et,37.36552577652357,30,30,89.54397821934498
2000-07,et,23.708561354274913,31,31,97.34606537228441
2000-08,et,,23,31,97.99787094587187
2000-09,et,9.87945223968202,30,30,92.83810186596217
2000-10,et,26.823829612205106,31,31,24.148112119420997
2000-11,et,23.371720428513804,30,30,16.3773636876714
2000-12,et,24.50150894268333,31,31,1.166060013098605
2001-01,et,23.83744629549974,31,31,1.4668829304217135
2001-02,et,27.73995607335363,28,28,0.35688949842920303
2001-03,et,31.1823775332219,31,31,9.199567201993977
2001-04,et,35.87689705071943,30,30,31.47749980468488
2001-05,et,40.0951981502503,31,31,58.85200810949841
2001-06,et,,17,30,80.90953483589671
2001-07,et,,28,31,97.31277973113986
2001-08,et,16.443065379940272,31,31,97.35534909843291
2001-09,et,10.097900458330743,30,30,93.43108508822942
2001-10,et,22.478543487809386,31,31,49.11136023163626
2001-11,et,23.17205647640357,30,30,18.814623630766697
2001-12,et,22.518940353628807,31,31,4.588903468205832
2002-01,et,24.943507639471182,31,31,1.1308841625223554
2002-02,et,27.479701687160894,28,28,0.7984982352787872
2002-03,et,,23,31,5.514054386344282
2002-04,et,50.722696479790606,30,30,19.75385697561472
2002-05,et,61.392121508266655,31,31,38.53823255354795
2002-06,et,50.217689766078045,30,30,57.981850092971584
2002-07,et,35.491263330793295,31,31,83.08301628755613
2002-08,et,18.237520421142506,31,31,95.67873310517444
2002-09,et,6.796216366724136,30,30,97.54026192369385
2002-10,et,16.702742180054226,31,31,73.95326614610833
2002-11,et,26.354735847614034,30,30,41.95826897390693
2002-12,et,,23,31,2.668921706434321
2003-01,et,26.452498663433555,31,31,0.8859643227904296
2003-02,et,26.0241506232515,28,28,0.9971608847925975
2003-03,et,43.87775593552359,31,31,1.331393489017116
2003-04,et,51.4203309298854,30,30,14.811171287608008
2003-05,et,62.63541650094366,31,31,35.38950160377913
2003-06,et,62.36057389319485,30,30,66.59063954594248
2003-07,et,43.95556630855605,31,31,90.09506944783205
2003-08,et,18.427073460788346,31,31,96.84233969301303
2003-09,et,11.488734647999907,30,30,97.25569973907518
2003-10,et,17.696171961398363,31,31,65.48149047174103
2003-11,et,25.668423909088197,30,30,15.240985573205142
2003-12,et,20.67407112180601,31,31,3.6176393546547114
2004-01,et,25.72475308279736,31,31,0.4271023886109593
2004-02,et,31.724922312643713,29,29,1.516475638326292
2004-03,et,41.42596964027087,31,31,7.423964149805979
2004-04,et,44.54754717024612,30,30,22.472231359621787
2004-05,et,53.19184177033743,31,31,50.96166925309451
2004-06,et,44.13743460866773,30,30,78.37424198840505
2004-07,et,35.46031904155997,31,31,89.99607645330211
2004-08,et,14.703866726015137,31,31,97.73930094193382
2004-09,et,10.405987387390901,30,30,96.2638878274327
2004-10,et,17.334091433843128,31,31,67.79637524989538
2004-11,et,27.21365147120455,30,30,25.158479688843897
2004-12,et,22.248023595021344,31,31,3.657803326341621
2005-01,et,20.779905870263246,31,31,0.10563048947297184
2005-02,et,21.898663821418978,28,28,0.039096415654466296
2005-03,et,44.831873271806884,31,31,5.624542935174594
2005-04,et,47.46581089648837,30,30,19.597626900205775
2005-05,et,57.73746459103457,31,31,40.49712276621852
2005-06,et,46.935936474701755,30,30,72.6143420781334
2005-07,et,25.380626380115626,31,31,95.04944287565846
2005-08,et,18.066499353589613,31,31,97.3536675847211
2005-09,et,7.302519129685692,30,30,97.14129563323753
2005-10,et,14.259212073922807,31,31,86.55971433926028
2005-11,et,19.96909731013899,30,30,29.190694256819715
2005-12,et,20.609359181014554,31,31,3.152137591152983
2006-01,et,,24,31,0.17451560775204453
2006-02,et,,27,28,0.972772595403793
2006-03,et,43.70603660831547,31,31,8.051123711557628
2006-04,et,43.1206305198549,30,30,26.422140769958112
2006-05,et,51.61277078840758,31,31,58.83274992201582
2006-06,et,41.49013238955194,30,30,84.67560034845525
2006-07,et,27.974766287019094,31,31,94.42338493541126
2006-08,et,9.979241237625503,31,31,98.42226211073908
2006-09,et,11.595126684934538,30,30,88.1084289240868
2006-10,et,28.676578613382908,31,31,56.821482637602955
2006-11,et,25.5980334360413,30,30,25.18078523224697
2006-12,et,23.459144882845088,31,31,0.7637592812091504
2007-01,et,18.53196238031512,31,31,0.41254755050258624
2007-02,et,26.930089708338183,28,28,2.4287013463677782
2007-03,et,41.97528064761708,31,31,6.04173364477896
2007-04,et,54.32360924128611,30,30,24.174570110717912
2007-05,et,51.1477525540094,31,31,54.147929610097826
2007-06,et,42.78793528182102,30,30,78.987723566174
2007-07,et,28.064530051260967,31,31,93.14894669475963
2007-08,et,11.168161039627313,31,31,98.29707906112864
2007-09,et,7.0670051149750215,30,30,98.066542502492
2007-10,et,10.11768204753467,31,31,92.0523442158413
2007-11,et,20.037559483649574,30,30,44.58147992144889
2007-12,et,22.351225182641382,31,31,4.700247480677789
2008-01,et,21.325817534299343,31,31,0.11883513358891082
2008-02,et,25.01751455205419,29,29,0.07779388604755164
2008-03,et,41.838389255217635,31,31,12.96859765009753
2008-04,et,38.32682930147387,30,30,36.2312234000771
2008-05,et,46.52496816347326,31,31,67.64175888997136
2008-06,et,30.785109967081112,30,30,93.97447320432917
2008-07,et,21.00707543226902,31,31,98.03351784386025
2008-08,et,7.805865009807581,31,31,98.52196477918302
2008-09,et,8.392795368707995,30,30,96.01425452754354
2008-10,et,25.23069215384341,31,31,50.30905632043489
2008-11,et,25.71023400976702,30,30,9.628266026808465
2008-12,et,,17,31,14.261369085921741
2009-01,et,26.34206474211814,31,31,0.16989732234050017
2009-02,et,27.023548009685292,28,28,0.452052715150601
2009-03,et,38.42784040185177,31,31,5.083344342946053
2009-04,et,48.63253904298747,30,30,19.469882798728438
2009-05,et,62.78686528664499,31,31,36.75151899385694
2009-06,et,52.125411661341666,30,30,61.40792621671635
2009-07,et,32.01321898394378,31,31,85.37850905428402
2009-08,et,19.76159247710174,31,31,96.11605110873639
2009-09,et,23.050770775093547,30,30,90.2549677035993
2009-10,et,17.11167655866481,31,31,88.44051132972585
2009-11,et,23.38101080191069,30,30,35.03877476735851
2009-12,et,23.644941389222254,31,31,0.7668084522626413
2010-01,et,25.273271349663478,31,31,0.41868426289032373
2010-02,et,25.449141856970776,28,28,0.34522035751064906
2010-03,et,46.079516829431135,31,31,5.3623851302611305
2010-04,et,54.523140836758316,30,30,22.48665365879444
2010-05,et,62.43271241069975,31,31,44.15576392136304
2010-06,et,56.476722132824655,30,30,68.54912461337234
2010-07,et,34.65458629413167,31,31,91.15529426889768
2010-08,et,17.576955945107827,31,31,97.9531219333465
2010-09,et,16.022456150767013,30,30,92.79600810949087
2010-10,et,25.207011033933988,31,31,68.99391201393325
2010-11,et,20.698703492076547,30,30,50.86094489955365
2010-12,et,19.576118768046175,31,31,20.83928026310255
2011-01,et,23.464338312100825,31,31,11.506933773728452
2011-02,et,,17,28,1.4101741978394031
2011-03,et,,26,31,6.325057763496051
2011-04,et,39.720946921588705,30,30,28.89956884425769
2011-05,et,53.31134485378802,31,31,63.23096085074759
2011-06,et,50.85879179549938,30,30,76.0662685661477
2011-07,et,26.653975330930134,31,31,96.31180256494102
2011-08,et,12.121976534320638,31,31,98.41643898306067
2011-09,et,10.208841992836412,30,30,96.9538278487421
2011-10,et,23.62800725731737,31,31,79.03274479202716
2011-11,et,25.515567709522358,30,30,7.330410325812495
2011-12,et,22.23549556071734,31,31,0.6106439006132843
2012-01,et,24.632564723100007,31,31,0.11668526423811795
2012-02,et,,17,29,0.04255580053225427
2012-03,et,,11,31,3.6829998227536205
2012-04,et,47.72503967180563,30,30,23.321868475295542
2012-05,et,60.56412504395594,31,31,48.92575129048454
2012-06,et,49.80891720297637,30,30,79.3851630624624
2012-07,et,31.375040582652396,31,31,95.48765541518907
2012-08,et,13.553561076370448,31,31,98.42484291727747
2012-09,et,6.952509378286111,30,30,97.71423189529135
2012-10,et,17.34421803180383,31,31,83.56747776100644
2012-11,et,19.12189560021753,30,30,26.486313095437755
2012-12,et,16.97399859784329,31,31,2.8695595644811855
2013-01,et,26.773745520264654,31,31,0.21692329245220957
2013-02,et,25.58778051364522,28,28,1.7793653808946104
2013-03,et,41.62908397049772,31,31,6.284357910617711
2013-04,et,40.13108570302855,30,30,25.595012173597716
2013-05,et,51.711914600837005,31,31,51.513940920769556
2013-06,et,41.56228463347686,30,30,77.42561956539689
2013-07,et,30.336287439815365,31,31,92.12819059900372
2013-08,et,19.386571459070762,31,31,97.78854748029383
2013-09,et,8.387037092998902,30,30,96.80343845654073
2013-10,et,14.973350537840947,31,31,90.55316322968514
2013-11,et,21.153737197422185,30,30,39.37513915154498
2013-12,et,23.80835005310899,31,31,4.050247683070347
2014-01,et,20.54737034990446,31,31,0.2646926587903999
2014-02,et,22.930362230147477,28,28,0.05473467948952461
2014-03,et,,23,31,2.6068824101399217
2014-04,et,42.890059661234154,30,30,15.886024513242551
2014-05,et,43.35260206373006,31,31,49.9394034267813
2014-06,et,39.26873379775917,30,30,77.43019246884872
2014-07,et,22.690349483009307,31,31,96.5578840689848
2014-08,et,11.696350038153271,31,31,98.41719246634109
2014-09,et,11.283792149693443,30,30,96.90114344882507
2014-10,et,26.545272587938037,31,31,59.45221993973272
2014-11,et,24.882242615601758,30,30,15.665650007077012
2014-12,et,22.14265456617733,31,31,1.01015697605729
2015-01,et,24.06529106332885,31,31,0.30586645161576115
2015-02,et,29.95555099377889,28,28,1.172679458925366
2015-03,et,41.81738380241498,31,31,5.818238939866218
2015-04,et,48.0568087389729,30,30,22.71325505562412
2015-05,et,59.2732638649449,31,31,53.12978978305576
2015-06,et,44.989760212953094,30,30,81.09162441589818
2015-07,et,29.1657176261653,31,31,96.99311219649792
2015-08,et,15.040341250992473,31,31,97.82009664291603
2015-09,et,20.12499233031843,30,30,94.60321861452289
2015-10,et,23.727900152558885,31,31,58.290320938900095
2015-11,et,25.396672065866547,30,30,10.037547287616814
2015-12,et,,23,31,2.225986640374323
2016-01,et,23.688815091526436,31,31,0.5288767150509364
2016-02,et,,21,29,4.541191868876929
2016-03,et,36.3912788732924,31,31,18.898820379949704
2016-04,et,54.319251933296286,30,30,32.52822586736106
2016-05,et,68.64997055987327,31,31,51.322804588956316
2016-06,et,57.892387763818135,30,30,77.22450318582862
2016-07,et,41.61280058761577,31,31,93.08810426543626
2016-08,et,22.71525728598419,31,31,97.548032459948
2016-09,et,14.155025790915722,30,30,96.60511457228604
2016-10,et,21.835993782219738,31,31,51.39858139400133
2016-11,et,23.271070534398277,30,30,18.284606555579142
2016-12,et,22.62406168083325,31,31,3.467615252176309
2017-01,et,24.833884130542508,31,31,0.1848524066365125
2017-02,et,,20,28,0.2528733902569108
2017-03,et,42.316913118427856,31,31,2.5499889031913683
2017-04,et,50.18266316757061,30,30,16.423134778398296
2017-05,et,55.72477362663242,31,31,44.636553899579276
2017-06,et,48.35446355427427,30,30,76.62161063711032
2017-07,et,29.490211606669448,31,31,96.01314653569578
2017-08,et,13.08773766404885,31,31,98.61415655195464
2017-09,et,10.844240012772657,30,30,95.95419923245014
2017-10,et,20.18337072267872,31,31,46.27393229601249
2017-11,et,19.686153091883245,30,30,51.33272389537945
2017-12,et,22.03628012743575,31,31,5.913985996775295
2018-01,et,21.680931519993543,31,31,2.3109457930376713
2018-02,et,25.242925628854298,28,28,3.249814847668772
2018-03,et,41.70261178645815,31,31,10.829675272222351
2018-04,et,40.88572402243802,30,30,30.851279975556977
2018-05,et,46.324806984722514,31,31,57.64969312662108
2018-06,et,45.79809649642357,30,30,79.97233269316096
2018-07,et,26.60549731965576,31,31,95.71838640037798
2018-08,et,11.746888866778624,31,31,98.65191268458707
2018-09,et,7.623747292068753,30,30,97.26079538705328
2018-10,et,21.935824182834562,31,31,46.893523260588935
2018-11,et,22.042751370171217,30,30,20.691224409572296
2018-12,et,23.105553863949815,31,31,3.7480359315300467
2019-01,et,26.010281042223976,31,31,0.3101096866894608
2019-02,et,29.228875182484753,28,28,1.0534130818017695
2019-03,et,48.77676297950347,31,31,6.413668437467569
2019-04,et,56.32294557944441,30,30,24.23923667856146
2019-05,et,51.93683099323531,31,31,45.32122041087456
2019-06,et,55.59572925518568,30,30,67.85437582184151
2019-07,et,30.784552319817898,31,31,92.81778483988607
2019-08,et,15.839195018604123,31,31,98.4006006583472
2019-09,et,15.574901484134086,30,30,94.21781777689425
2019-10,et,22.60762005733612,31,31,90.37989366526581
2019-11,et,22.766233917602396,30,30,30.86220989996771
2019-12,et,18.541963850526678,31,31,3.946127079989873
2020-01,et,23.155148236808433,31,31,0.2955330870486083
2020-02,et,29.782699116750624,29,29,1.4546308728193549
2020-03,et,43.71462448365812,31,31,15.449786020739944
2020-04,et,45.62765321406079,30,30,31.853179304791738
2020-05,et,58.935117068213785,31,31,56.44126638397162
2020-06,et,41.358833078737746,30,30,83.31141841909074
2020-07,et,25.751147861403023,31,31,95.03488092187683
2020-08,et,21.21144082783051,31,31,97.66653249644393
2020-09,et,13.04186830660945,30,30,96.69136016392802
2020-10,et,18.68900221497791,31,31,89.60003552208885
2020-11,et,18.47504412989049,30,30,38.344958182122035
2020-12,et,23.488217536961635,31,31,2.478099785179613
2021-01,et,19.559993848080314,31,31,2.2890206104764177
2021-02,et,23.630054571282034,28,28,4.540575858067472
2021-03,et,40.283397235415954,31,31,5.140559816777605
2021-04,et,42.78228297532834,30,30,21.25328837506315
2021-05,et,48.57355631469426,31,31,59.91665126917308
2021-06,et,36.74131812357005,30,30,91.4690807571705
2021-07,et,23.511314581269033,31,31,98.14199121215863
2021-08,et,11.987693426508429,31,31,98.61271409091519
2021-09,et,6.169873870985892,30,30,97.72702892838262
2021-10,et,20.80059269196868,31,31,59.518242414304
2021-11,et,22.733519308273692,30,30,34.81835416394919
2021-12,et,21.542753692426743,31,31,13.962789844951162
2022-01,et,26.03043768465588,31,31,2.236764225076419
2022-02,et,28.76238951307905,28,28,1.7669100839397724
2022-03,et,42.05298684946892,31,31,3.6892084587924243
2022-04,et,42.73126233985923,30,30,30.10550233679785
2022-05,et,59.26021339270375,31,31,62.909047517557454
2022-06,et,51.29236128148916,30,30,84.64221290336485
2022-07,et,28.362329999371767,31,31,97.75206220629721
2022-08,et,14.83628920599209,31,31,98.62561633999285
2022-09,et,7.598581607338702,30,30,98.25146653860591
2022-10,et,,23,31,72.50945522011241
2022-11,et,23.56663064837297,30,30,11.597952771147103
2022-12,et,21.99673909231528,31,31,3.2154028331266513
2023-01,et,23.844617315699363,31,31,0.164280446367208
2023-02,et,27.747573249632715,28,28,0.3751670729588318
2023-03,et,36.58746766152512,31,31,11.190054521508886
2023-04,et,45.592064046874754,30,30,30.781272869777816
2023-05,et,44.815021404251894,31,31,57.87624117543746
2023-06,et,31.695600780153175,30,30,89.70538418868328
2023-07,et,22.489315955323555,31,31,97.6895588769837
2023-08,et,16.860394440240732,31,31,97.53620430147836
2023-09,et,20.00243065765612,30,30,94.11033802509637
2023-10,et,25.164671147612868,31,31,73.71051003694132
2023-11,et,18.809472999201088,30,30,35.53219356273191
2023-12,et,22.37283178720059,31,31,12.645476303467309
2024-01,et,27.724385969338,31,31,1.1484760796811124
2024-02,et,28.465904196936577,29,29,0.34737132288142264
2024-03,et,41.03375990194972,31,31,3.170373775672517
2024-04,et,,29,30,18.50284978230443
2024-05,et,,24,31,47.17148584012332
2024-06,et,51.06561941556359,30,30,77.31298452149919
2024-07,et,41.97865326703701,31,31,92.8331518426052
2024-08,et,19.226934185187396,31,31,98.64591058185671
2024-09,et,16.443359672388233,30,30,96.51912609084529
2024-10,et,27.597384877626336,31,31,51.56352486882453
2024-11,et,25.47809964356216,30,30,19.073427608217344
2024-12,et,19.53550744372445,31,31,4.693591839946857
2025-01,et,20.24637498576574,31,31,1.1617752387508562
2025-02,et,31.330793151956406,28,28,2.231931203161992
2025-03,et,36.57312529112953,31,31,9.42466400610603
2025-04,et,43.77260638527434,30,30,40.644270518494785
2025-05,et,47.847012011759766,31,31,73.48395490003021
2025-06,et,41.34516043982201,30,30,92.23189083425545
2025-07,et,18.709156211349978,31,31,98.37544803364521
2025-08,et,11.527079873143835,31,31,98.74177543452086
2025-09,et,13.03630663893497,30,30,96.5534753184569
2025-10,et,19.031865153236595,31,31,70.91749967923873
2025-11,et,18.524575183045645,30,30,38.657726283916254
2025-12,et,,23,31,9.090612479411162
2000-03,albedo,0.6161428310034112,29,31,5.496499158592814
2000-04,albedo,0.3494194559573575,30,30,2.1218008447898082
2000-05,albedo,0.1492008948402322,27,31,27.673890742245703
2000-06,albedo,0.14364275901885168,30,30,43.35017245729581
2000-07,albedo,0.1412885938903701,31,31,49.44412882091495
2000-08,albedo,0.14291781385021626,23,31,55.86190812032897
2000-09,albedo,0.15087603841816696,30,30,64.00042877236548
2000-10,albedo,0.4408600127615158,14,31,0.39442542680845005
2000-11,albedo,0.3970906976152243,27,30,0.7137116562512511
2000-12,albedo,0.5141434081189226,8,31,0.15697390205128495
2001-01,albedo,0.489001315240644,25,31,0.9655848034881046
2001-02,albedo,0.5987331065937475,25,28,0.8113905868171166
2001-03,albedo,0.5441993859314437,31,31,6.710336498478202
2001-04,albedo,0.2891257145445024,30,30,5.891650998837479
2001-05,albedo,0.1586676164675545,31,31,17.490013000410684
2001-06,albedo,0.1734337119039673,15,30,50.34484115779201
2001-07,albedo,0.14643125514997696,30,31,54.04208381717274
2001-08,albedo,0.1393475346465472,31,31,68.40168346501403
2001-09,albedo,0.13929668386560434,30,30,62.04738713243689
2001-10,albedo,0.18617486871692335,24,31,7.996983554264639
2001-11,albedo,0.4457220979044156,27,30,0.15259902330825714
2001-12,albedo,0.5552077454795018,16,31,0.08567588336281103
2002-01,albedo,0.48354869190530025,17,31,0.12588138302758606
2002-02,albedo,0.5191486897843276,28,28,2.7736951152967455
2002-03,albedo,0.5974317093898839,14,31,4.478830955083838
2002-04,albedo,0.6352211855664036,7,30,0.3542765167676571
2002-05,albedo,0.41016780825504845,31,31,1.8733926254214952
2002-06,albedo,0.14423495105215764,30,30,11.408761828339705
2002-07,albedo,0.15869491339869163,31,31,56.7034898671298
2002-08,albedo,0.14898855069863548,31,31,85.27687129688638
2002-09,albedo,0.14727991424333536,30,30,90.77324464613729
2002-10,albedo,0.14301063603501055,31,31,43.533535544700065
2002-11,albedo,0.14940437220189073,30,30,6.2364010374686245
2002-12,albedo,0.5634424504495377,21,31,0.18065755319035157
2003-01,albedo,0.43967873681296477,31,31,1.9291302519639133
2003-02,albedo,0.5007769504397374,28,28,2.842919663146803
2003-03,albedo,0.6123547966133174,27,31,5.920117216958486
2003-04,albedo,0.5476065410892419,24,30,0.6540143990163471
2003-05,albedo,0.2029283413142505,31,31,8.809257958108436
2003-06,albedo,0.17297634738460557,30,30,48.92176773722316
2003-07,albedo,0.1613463128018494,31,31,77.03566341148917
2003-08,albedo,0.14656540815325927,31,31,83.29424859591857
2003-09,albedo,0.14369793500618222,30,30,76.9803190882662
2003-10,albedo,0.14998590977195694,31,31,32.32235688536193
2003-11,albedo,0.3992163475215454,14,30,0.7819851870608802
2003-12,albedo,0.4030286022924725,31,31,1.5632338823560779
2004-01,albedo,0.40328761086954873,31,31,2.4280744786284507
2004-02,albedo,0.5015928348994765,29,29,4.084656509290711
2004-03,albedo,0.5578816300256559,25,31,5.148938878598202
2004-04,albedo,0.43412629707217215,30,30,13.666648643964274
2004-05,albedo,0.17265138937733057,31,31,19.269306034566846
2004-06,albedo,0.1642196147964824,30,30,61.07459373218397
2004-07,albedo,0.14268887758299534,31,31,44.28958301682362
2004-08,albedo,0.14139205247851697,31,31,89.10971842782268
2004-09,albedo,0.13922655280524593,30,30,76.57071278515895
2004-10,albedo,0.1435904245059642,31,31,33.66747662188224
2004-11,albedo,0.19480452582186958,30,30,1.489625502295911
2004-12,albedo,0.5316330725060653,24,31,0.6627757301243171
2005-01,albedo,0.48980036799470006,23,31,0.9060368120569607
2005-02,albedo,0.5710826849439579,28,28,4.559709229996013
2005-03,albedo,0.5531177467117062,31,31,9.427048647964742
2005-04,albedo,0.4868029818751609,30,30,8.628683369176184
2005-05,albedo,0.16733574390826256,31,31,6.042869462751605
2005-06,albedo,0.17488037986440438,30,30,52.73395511306574
2005-07,albedo,0.15572260629415693,31,31,78.63991541383942
2005-08,albedo,0.14224173428736192,31,31,66.78213474425269
2005-09,albedo,0.14404329446553618,30,30,87.43630693399287
2005-10,albedo,0.14841054139684462,31,31,42.68094766776521
2005-11,albedo,0.28806627775728894,30,30,11.064023090700886
2005-12,albedo,0.37227800423834084,31,31,3.279806845712192
2006-01,albedo,0.4603915755416454,28,31,2.2754719161200794
2006-02,albedo,0.48195217392509976,24,28,4.443176158662308
2006-03,albedo,0.5628825068389512,31,31,9.569853337357085
2006-04,albedo,0.4142979138942428,30,30,18.952196568752903
2006-05,albedo,0.16673037160623821,31,31,25.75358822497767
2006-06,albedo,0.1564690090062859,30,30,56.57085138131434
2006-07,albedo,0.14497167696799373,31,31,79.32822969424817
2006-08,albedo,0.1470740004858101,31,31,96.91646126681948
2006-09,albedo,0.14817153153198317,30,30,75.77822335763065
2006-10,albedo,0.1303523733430263,31,31,18.869630636986397
2006-11,albedo,0.2740847957031771,30,30,1.7456640251755393
2006-12,albedo,0.4108164913261715,31,31,3.621772842272864
2007-01,albedo,0.43307331546341393,31,31,4.798492108536154
2007-02,albedo,0.47282946118166,28,28,4.286314798677871
2007-03,albedo,0.5754996469012889,31,31,13.782007562045075
2007-04,albedo,0.386663978065032,23,30,11.323807786536014
2007-05,albedo,0.16008470428483437,31,31,26.748282905533937
2007-06,albedo,0.17210655561177565,30,30,67.89798624731462
2007-07,albedo,0.1477746037707426,31,31,67.20095504745699
2007-08,albedo,0.14558455739901638,31,31,88.58430599007461
2007-09,albedo,0.14906482103103297,30,30,93.67232462249292
2007-10,albedo,0.1576684986514344,31,31,59.74918215253196
2007-11,albedo,0.22730222524557167,30,30,15.171640895391002
2007-12,albedo,0.4284581739289469,31,31,2.215335570768416
2008-01,albedo,0.481294142010032,31,31,4.243086837767217
2008-02,albedo,0.5241935018251247,29,29,6.71849036785985
2008-03,albedo,0.48191655382553256,31,31,10.107170706617715
2008-04,albedo,0.34051670655366306,30,30,10.791344782499662
2008-05,albedo,0.15605972870892756,31,31,35.363543786908515
2008-06,albedo,0.1551986643235474,30,30,81.18506314101643
2008-07,albedo,0.14343639443251288,31,31,83.1421341311807
2008-08,albedo,0.14291085602082226,31,31,97.2191753195386
2008-09,albedo,0.1476466023301574,30,30,90.84914155189632
2008-10,albedo,0.1866453380121859,31,31,13.326360404595167
2008-11,albedo,0.41042547626241305,30,30,3.104619260758888
2008-12,albedo,0.37440366217219606,22,31,1.506049609520761
2009-01,albedo,0.4310235850374973,31,31,5.073625576440048
2009-02,albedo,0.5660265267266184,28,28,3.5390550018150897
2009-03,albedo,0.5447842279634988,31,31,9.085783513668906
2009-04,albedo,0.6163670109753425,30,30,13.371007984205196
2009-05,albedo,0.40825904324726675,31,31,14.43980297340909
2009-06,albedo,0.17841654913943114,30,30,42.860774235846506
2009-07,albedo,0.1617955279003197,31,31,67.32405723080804
2009-08,albedo,0.14944891853976952,31,31,84.83920637328092
2009-09,albedo,0.14158278131532098,30,30,56.58997947221702
2009-10,albedo,0.14495504024242825,31,31,55.34025576975104
2009-11,albedo,0.23833150322764016,28,30,6.624633892630272
2009-12,albedo,0.4414608648959837,31,31,2.1812804828836874
2010-01,albedo,0.4491912113554335,31,31,2.98076287151442
2010-02,albedo,0.5682612613496277,23,28,1.3903851642241236
2010-03,albedo,0.551827542971157,19,31,8.708465213538007
2010-04,albedo,0.47812307375827173,30,30,22.89068434394375
2010-05,albedo,0.17030038995413366,31,31,6.791371428587928
2010-06,albedo,0.15037230558806422,30,30,30.60566431774688
2010-07,albedo,0.14821989770726768,31,31,64.77925437687088
2010-08,albedo,0.1456565342431747,31,31,91.16683495167315
2010-09,albedo,0.13926594242627538,30,30,65.9957942851769
2010-10,albedo,0.14420823766733687,31,31,26.303258717926038
2010-11,albedo,0.16522256178812864,30,30,12.91359497784419
2010-12,albedo,0.33957958517224485,31,31,3.620493230044314
2011-01,albedo,0.40438392333696827,31,31,4.787353992570423
2011-02,albedo,0.55403217531434,28,28,3.977269512177233
2011-03,albedo,0.599637586668108,31,31,21.244168706183697
2011-04,albedo,0.4074901396180488,30,30,19.90265972322338
2011-05,albedo,0.14597771500733814,31,31,20.23921547032576
2011-06,albedo,0.14029187962522835,30,30,36.2979442910401
2011-07,albedo,0.1485809791153494,31,31,86.76725768183391
2011-08,albedo,0.14467624222246178,31,31,93.66143858686067
2011-09,albedo,0.1471738241258518,30,30,80.73959099520425
2011-10,albedo,0.20643911726353698,31,31,15.986425482225822
2011-11,albedo,0.4883048048662616,15,30,0.36290970091464714
2011-12,albedo,0.4112520388236555,31,31,5.9861366665523486
2012-01,albedo,0.4542591728124549,31,31,7.112024333654855
2012-02,albedo,0.5691594312117113,29,29,8.166305629716986
2012-03,albedo,0.631254557312329,29,31,16.49028402476443
2012-04,albedo,0.43330202637407406,30,30,26.879958372518697
2012-05,albedo,0.19376132181131836,31,31,8.08439738102247
2012-06,albedo,0.16373731303568947,30,30,43.14689233418792
2012-07,albedo,0.15234210492872,31,31,82.05123181865923
2012-08,albedo,0.14705405945476452,31,31,93.14838073978245
2012-09,albedo,0.15044242419515144,30,30,95.84987683117495
2012-10,albedo,0.15764063282938748,31,31,43.72611485670082
2012-11,albedo,0.36109336704534584,30,30,2.8848081297362733
2012-12,albedo,0.39891671802789475,31,31,1.63330453187991
2013-01,albedo,0.4217075962437246,30,31,4.213712295400555
2013-02,albedo,0.5271763030450176,28,28,7.101815651225901
2013-03,albedo,0.5837384195372775,29,31,7.571586601003013
2013-04,albedo,0.4998133635872246,30,30,16.460590962877045
2013-05,albedo,0.21320575243022843,31,31,21.29143608169595
2013-06,albedo,0.16995561577927287,30,30,58.34387111724556
2013-07,albedo,0.1443617649171945,31,31,63.72551474491753
2013-08,albedo,0.13955358120808065,31,31,87.53110162025179
2013-09,albedo,0.14384013083415664,30,30,88.6224376237518
2013-10,albedo,0.15166026546175487,31,31,55.69116553574584
2013-11,albedo,0.24949171624600908,30,30,9.323700308407442
2013-12,albedo,0.4137216666748713,31,31,1.8287502943953426
2014-01,albedo,0.43652834518308054,22,31,2.820707406800366
2014-02,albedo,0.5752680845587623,27,28,10.157350988482305
2014-03,albedo,0.5990367802031771,26,31,16.256644600547197
2014-04,albedo,0.581845948806672,30,30,29.238131722936316
2014-05,albedo,0.22931833131892282,31,31,39.93902905239188
2014-06,albedo,0.15863009546982268,30,30,51.63313281078378
2014-07,albedo,0.15583878238315393,31,31,90.84647564990877
2014-08,albedo,0.1474085431249058,31,31,95.87351553371238
2014-09,albedo,0.15094843115617376,30,30,78.64885506076634
2014-10,albedo,0.23070218035576906,31,31,12.548766073396601
2014-11,albedo,0.4346409874993661,30,30,1.3270594627251342
2014-12,albedo,0.3851760111018186,31,31,4.66728712605889
2015-01,albedo,0.4471298433498294,31,31,4.039480587560823
2015-02,albedo,0.5253372322935406,28,28,9.798710488687087
2015-03,albedo,0.5887034794705255,31,31,17.18141457607729
2015-04,albedo,0.4843262251091872,30,30,22.947863136965687
2015-05,albedo,0.19995560677405474,31,31,19.326879578723545
2015-06,albedo,0.17368045557862846,30,30,65.67003548064297
2015-07,albedo,0.15261484330090716,31,31,85.50703746025934
2015-08,albedo,0.1471168212772845,31,31,88.89812936838028
2015-09,albedo,0.14832747065137233,30,30,69.22372967692662
2015-10,albedo,0.3071562907664298,31,31,15.37567248669632
2015-11,albedo,0.4397028301375275,30,30,2.124617601387474
2015-12,albedo,0.3796198960046577,27,31,1.296189674411657
2016-01,albedo,0.4335276255026038,27,31,5.392814862967493
2016-02,albedo,0.503165821835731,29,29,15.171546834930124
2016-03,albedo,0.5759034779927703,31,31,13.663398923309952
2016-04,albedo,0.4737498773280807,30,30,4.94776631881835
2016-05,albedo,0.14473833987031495,31,31,13.023342255094276
2016-06,albedo,0.16834228215554412,30,30,61.130090508732145
2016-07,albedo,0.15070535666682472,31,31,70.80950417847227
2016-08,albedo,0.14299815032441004,31,31,80.59067806209626
2016-09,albedo,0.13973316800473948,30,30,69.28088004368145
2016-10,albedo,0.3252412175422382,31,31,18.29676098218672
2016-11,albedo,0.3492612586415611,30,30,4.642498523840639
2016-12,albedo,0.3519021612607631,29,31,2.3442440198517143
2017-01,albedo,0.44990661607985666,31,31,6.559563862237613
2017-02,albedo,0.5742972265618158,28,28,6.550573720098181
2017-03,albedo,0.5897995371351675,31,31,18.412195513804754
2017-04,albedo,0.5578070966260901,30,30,17.195838925091813
2017-05,albedo,0.23903955224955742,31,31,26.088952405820002
2017-06,albedo,0.18433452907106485,30,30,65.17934756450641
2017-07,albedo,0.15930226654824295,31,31,88.05927317356632
2017-08,albedo,0.15044094598710292,31,31,92.99242341358025
2017-09,albedo,0.15458081198366716,30,30,86.86896005721204
2017-10,albedo,0.24416611341956698,31,31,13.83612500132099
2017-11,albedo,0.18347267910321305,30,30,8.1552491285728
2017-12,albedo,0.36908362237863745,31,31,4.632408493704629
2018-01,albedo,0.415002838880869,31,31,4.553983313932083
2018-02,albedo,0.5096824415546624,28,28,10.259174057346263
2018-03,albedo,0.5939194288528437,31,31,5.85874343199772
2018-04,albedo,0.4665153885287927,30,30,10.761657962020116
2018-05,albedo,0.1833840113035968,31,31,25.277232700746634
2018-06,albedo,0.15053062303557854,30,30,42.77094826270868
2018-07,albedo,0.1557331033275953,31,31,90.71427674568166
2018-08,albedo,0.14657184802673182,31,31,95.2309952798508
2018-09,albedo,0.14944901142116968,30,30,90.18118876965386
2018-10,albedo,0.34030359702047136,30,31,25.61324037686016
2018-11,albedo,0.4127914319608503,30,30,2.490728871019592
2018-12,albedo,0.36670990939749154,31,31,3.084095808145007
2019-01,albedo,0.4389725268582737,31,31,5.292060074626586
2019-02,albedo,0.5353857643256319,28,28,6.869441647675069
2019-03,albedo,0.5756897371511528,31,31,20.562157755412258
2019-04,albedo,0.5621690190909358,30,30,4.333698849153266
2019-05,albedo,0.253979517765546,31,31,25.564398158637673
2019-06,albedo,0.15683225822135352,30,30,31.389330473732173
2019-07,albedo,0.15883706881375625,31,31,80.19049330243746
2019-08,albedo,0.14886877153026432,31,31,89.74409303590281
2019-09,albedo,0.1498118933114318,30,30,57.926222148974446
2019-10,albedo,0.1526909017913247,31,31,48.30339317065465
2019-11,albedo,0.2914599496646889,30,30,8.101076570084157
2019-12,albedo,0.36261865759968803,31,31,3.1244037792610295
2020-01,albedo,0.47933208733756894,31,31,3.1889572571410545
2020-02,albedo,0.5142634117785336,29,29,6.5982711955488345
2020-03,albedo,0.5695811590926886,31,31,30.365507888393275
2020-04,albedo,0.4902648037404605,30,30,11.488115848152306
2020-05,albedo,0.16021790707285102,31,31,20.817785526918303
2020-06,albedo,0.16095168017861886,30,30,59.448380552689436
2020-07,albedo,0.14702797094350475,31,31,46.55338042783314
2020-08,albedo,0.1396719425281446,31,31,79.85127232314672
2020-09,albedo,0.14099480062125097,30,30,75.82906887201506
2020-10,albedo,0.15066061302280645,31,31,62.64551200625321
2020-11,albedo,0.3137898364331344,30,30,12.320751570989133
2020-12,albedo,0.374092477025318,31,31,5.89145920362279
2021-01,albedo,0.37966908068374694,31,31,6.7525844807760524
2021-02,albedo,0.484017623387234,28,28,4.997994457035276
2021-03,albedo,0.6009743707393842,31,31,7.961929790531839
2021-04,albedo,0.48856326669709954,30,30,25.80134166231169
2021-05,albedo,0.2165020892331852,31,31,32.21727219183152
2021-06,albedo,0.15779997064473053,30,30,64.44390090023522
2021-07,albedo,0.14395918665812876,31,31,82.46571229530393
2021-08,albedo,0.14378197390737593,31,31,88.34580057833384
2021-09,albedo,0.1473265521352868,30,30,96.46762154255015
2021-10,albedo,0.23877987671044892,31,31,18.775598362091976
2021-11,albedo,0.332809552832437,30,30,3.27175160771622
2021-12,albedo,0.3407513112545632,31,31,2.184400257532683
2022-01,albedo,0.40102519753056776,31,31,4.413308777141308
2022-02,albedo,0.5075208182974013,28,28,10.086845589065794
2022-03,albedo,0.5823811215371847,15,31,9.863904852415848
2022-04,albedo,0.43490445522230775,30,30,5.861675414656001
2022-05,albedo,0.15880793876196259,31,31,18.858856550821994
2022-06,albedo,0.1552447069750379,30,30,53.2302055946591
2022-07,albedo,0.15052979403271258,31,31,93.0255110051257
2022-08,albedo,0.14597228541557195,31,31,88.19908318053047
2022-09,albedo,0.1483062363674452,30,30,94.64327926421238
2022-10,albedo,0.25236921729171713,26,31,43.63303613872733
2022-11,albedo,0.39681916409344065,30,30,1.7394219267133397
2022-12,albedo,0.35074996687196097,30,31,2.657898906319477
2023-01,albedo,0.41311241553048006,29,31,5.346893014150143
2023-02,albedo,0.4949649637458942,28,28,4.059999558872815
2023-03,albedo,0.5250081346136831,31,31,20.223641288174218
2023-04,albedo,0.44060234035439527,29,30,19.704103856141906
2023-05,albedo,0.20205405701932444,31,31,40.73975445450871
2023-06,albedo,0.170332878555114,30,30,73.8148776603217
2023-07,albedo,0.1460912558809483,29,31,87.86589544715576
2023-08,albedo,0.14297250857350569,31,31,89.05066392984453
2023-09,albedo,0.14249301468104542,30,30,47.91661389005625
2023-10,albedo,0.14377784426508308,31,31,23.742814624048428
2023-11,albedo,0.21309889778949623,30,30,1.655707181409472
2023-12,albedo,0.3340208353326595,31,31,0.6490765082830773
2024-01,albedo,0.4071498952323503,21,31,0.8686359713454065
2024-02,albedo,0.5281786338349147,26,29,0.8781096204044864
2024-03,albedo,0.5739838133835351,31,31,3.909437985761147
2024-04,albedo,0.5424564835963791,30,30,6.351693106971754
2024-05,albedo,0.18754331695173523,31,31,10.092577348126339
2024-06,albedo,0.17197809455198956,30,30,56.12201536778158
2024-07,albedo,0.14459379969417846,31,31,49.798800992556316
2024-08,albedo,0.14279597212118975,31,31,90.17625986230907
2024-09,albedo,0.14269585279117614,30,30,66.1179202959503
2024-10,albedo,0.16444217715863535,31,31,12.216086498666153
2024-11,albedo,0.3239807668874464,29,30,0.5845890731170745
2024-12,albedo,0.3013004803752232,31,31,1.2829282216967934
2025-01,albedo,0.34888679050503923,31,31,0.9828541010587323
2025-02,albedo,0.41097943529920833,28,28,0.7669001304993354
2025-03,albedo,0.5186193959150959,30,31,4.0055878464832215
2025-04,albedo,0.2831108451458198,30,30,5.951835339781204
2025-05,albedo,0.15926893874339537,31,31,46.762798556677296
2025-06,albedo,0.1494799059750177,30,30,64.53311771709978
2025-07,albedo,0.14164080012600969,31,31,88.37015202108226
2025-08,albedo,0.14062143894834445,31,31,93.85557781999147
2025-09,albedo,0.14779438116158433,30,30,67.84020034148425
2025-10,albedo,0.15547189782164064,31,31,19.683811841258763
2025-11,albedo,0.1892137790722437,30,30,2.1528047079621584
2025-12,albedo,0.28379347797304494,13,31,0.39817437381602044
2026-01,albedo,0.3144776645195133,31,31,0.7044948325589445
2026-02,albedo,0.35495988681730334,19,28,1.1801377075058495
2026-03,albedo,0.47191575225125654,31,31,1.4306571859688906
2026-04,albedo,0.39525147545590217,29,30,2.6184794175731634
2026-05,albedo,0.1784327357551029,31,31,10.568130102284288
2026-06,albedo,0.14388971050396399,29,30,20.436723878905774
2026-07,albedo,0.14009905880451043,31,31,71.48015254379203
2026-08,albedo,0.13669340731571433,27,31,63.49379401518017
