observation_unit_id,system_id,river_system_id,elevation_band,minimum_m_inclusive,maximum_m_exclusive,date,year,month,day,variable,value,unit,valid_area_percent,source_asset,source_image,scale_m,quality,retrieved_at
upper_amu_darya::1000_2000,upper_amu_darya,amu_darya,1000_2000,1000,2000,2026-08-02,2026,8,2,snow_cover_percent,0.0687,percent,90.82,MODIS/061/MOD10A1,2026_08_02,500,ok-satellite,2026-09-08T05:24:07+00:00
upper_amu_darya::1000_2000,upper_amu_darya,amu_darya,1000_2000,1000,2000,2026-08-03,2026,8,3,snow_cover_percent,0.0370,percent,95.12,MODIS/061/MOD10A1,2026_08_03,500,ok-satellite,2026-09-08T05:24:07+00:00
upper_amu_darya::1000_2000,upper_amu_darya,amu_darya,1000_2000,1000,2000,2026-08-04,2026,8,4,snow_cover_percent,0.0242,percent,35.79,MODIS/061/MOD10A1,2026_08_04,500,limited-clear-sky,2026-09-08T05:24:07+00:00
upper_amu_darya::1000_2000,upper_amu_darya,amu_darya,1000_2000,1000,2000,2026-08-05,2026,8,5,snow_cover_percent,0.0078,percent,97.29,MODIS/061/MOD10A1,2026_08_05,500,ok-satellite,2026-09-08T05:24:07+00:00
upper_amu_darya::1000_2000,upper_amu_darya,amu_darya,1000_2000,1000,2000,2026-08-06,2026,8,6,snow_cover_percent,0.0124,percent,99.87,MODIS/061/MOD10A1,2026_08_06,500,ok-satellite,2026-09-08T05:24:07+00:00
upper_amu_darya::1000_2000,upper_amu_darya,amu_darya,1000_2000,1000,2000,2026-08-07,2026,8,7,snow_cover_percent,0.0550,percent,99.97,MODIS/061/MOD10A1,2026_08_07,500,ok-satellite,2026-09-08T05:24:07+00:00
upper_amu_darya::1000_2000,upper_amu_darya,amu_darya,1000_2000,1000,2000,2026-08-08,2026,8,8,snow_cover_percent,0.0535,percent,95.24,MODIS/061/MOD10A1,2026_08_08,500,ok-satellite,2026-09-08T05:24:07+00:00
upper_amu_darya::1000_2000,upper_amu_darya,amu_darya,1000_2000,1000,2000,2026-08-09,2026,8,9,snow_cover_percent,0.1724,percent,75.78,MODIS/061/MOD10A1,2026_08_09,500,ok-satellite,2026-09-08T05:24:07+00:00
upper_amu_darya::1000_2000,upper_amu_darya,amu_darya,1000_2000,1000,2000,2026-08-10,2026,8,10,snow_cover_percent,0.0085,percent,67.79,MODIS/061/MOD10A1,2026_08_10,500,limited-clear-sky,2026-09-08T05:24:07+00:00
upper_amu_darya::1000_2000,upper_amu_darya,amu_darya,1000_2000,1000,2000,2026-08-11,2026,8,11,snow_cover_percent,0.0102,percent,89.10,MODIS/061/MOD10A1,2026_08_11,500,ok-satellite,2026-09-08T05:24:07+00:00
upper_amu_darya::1000_2000,upper_amu_darya,amu_darya,1000_2000,1000,2000,2026-08-12,2026,8,12,snow_cover_percent,0.0515,percent,99.66,MODIS/061/MOD10A1,2026_08_12,500,ok-satellite,2026-09-08T05:24:07+00:00
upper_amu_darya::1000_2000,upper_amu_darya,amu_darya,1000_2000,1000,2000,2026-08-13,2026,8,13,snow_cover_percent,0.0215,percent,99.50,MODIS/061/MOD10A1,2026_08_13,500,ok-satellite,2026-09-08T05:24:07+00:00
upper_amu_darya::1000_2000,upper_amu_darya,amu_darya,1000_2000,1000,2000,2026-08-14,2026,8,14,snow_cover_percent,0.0413,percent,99.75,MODIS/061/MOD10A1,2026_08_14,500,ok-satellite,2026-09-08T05:24:07+00:00
upper_amu_darya::1000_2000,upper_amu_darya,amu_darya,1000_2000,1000,2000,2026-08-15,2026,8,15,snow_cover_percent,0.0083,percent,99.94,MODIS/061/MOD10A1,2026_08_15,500,ok-satellite,2026-09-08T05:24:07+00:00
upper_amu_darya::1000_2000,upper_amu_darya,amu_darya,1000_2000,1000,2000,2026-08-16,2026,8,16,snow_cover_percent,0.0144,percent,99.66,MODIS/061/MOD10A1,2026_08_16,500,ok-satellite,2026-09-08T05:24:07+00:00
upper_amu_darya::1000_2000,upper_amu_darya,amu_darya,1000_2000,1000,2000,2026-08-17,2026,8,17,snow_cover_percent,0.0570,percent,99.95,MODIS/061/MOD10A1,2026_08_17,500,ok-satellite,2026-09-08T05:24:07+00:00
upper_amu_darya::1000_2000,upper_amu_darya,amu_darya,1000_2000,1000,2000,2026-08-18,2026,8,18,snow_cover_percent,0.0189,percent,99.96,MODIS/061/MOD10A1,2026_08_18,500,ok-satellite,2026-09-08T05:24:07+00:00
upper_amu_darya::1000_2000,upper_amu_darya,amu_darya,1000_2000,1000,2000,2026-08-19,2026,8,19,snow_cover_percent,0.0517,percent,99.96,MODIS/061/MOD10A1,2026_08_19,500,ok-satellite,2026-09-08T05:24:07+00:00
upper_amu_darya::1000_2000,upper_amu_darya,amu_darya,1000_2000,1000,2000,2026-08-20,2026,8,20,snow_cover_percent,0.0121,percent,99.69,MODIS/061/MOD10A1,2026_08_20,500,ok-satellite,2026-09-08T05:24:07+00:00
upper_amu_darya::1000_2000,upper_amu_darya,amu_darya,1000_2000,1000,2000,2026-08-21,2026,8,21,snow_cover_percent,0.0042,percent,96.74,MODIS/061/MOD10A1,2026_08_21,500,ok-satellite,2026-09-08T05:24:07+00:00
upper_amu_darya::1000_2000,upper_amu_darya,amu_darya,1000_2000,1000,2000,2026-08-22,2026,8,22,snow_cover_percent,0.0803,percent,77.31,MODIS/061/MOD10A1,2026_08_22,500,ok-satellite,2026-09-08T05:24:07+00:00
upper_amu_darya::1000_2000,upper_amu_darya,amu_darya,1000_2000,1000,2000,2026-08-23,2026,8,23,snow_cover_percent,0.2395,percent,92.35,MODIS/061/MOD10A1,2026_08_23,500,ok-satellite,2026-09-08T05:24:07+00:00
upper_amu_darya::1000_2000,upper_amu_darya,amu_darya,1000_2000,1000,2000,2026-08-24,2026,8,24,snow_cover_percent,0.0320,percent,99.94,MODIS/061/MOD10A1,2026_08_24,500,ok-satellite,2026-09-08T05:24:07+00:00
upper_amu_darya::1000_2000,upper_amu_darya,amu_darya,1000_2000,1000,2000,2026-08-25,2026,8,25,snow_cover_percent,0.0056,percent,99.06,MODIS/061/MOD10A1,2026_08_25,500,ok-satellite,2026-09-08T05:24:07+00:00
upper_amu_darya::1000_2000,upper_amu_darya,amu_darya,1000_2000,1000,2000,2026-08-26,2026,8,26,snow_cover_percent,0.0045,percent,98.23,MODIS/061/MOD10A1,2026_08_26,500,ok-satellite,2026-09-08T05:24:07+00:00
upper_amu_darya::1000_2000,upper_amu_darya,amu_darya,1000_2000,1000,2000,2026-08-27,2026,8,27,snow_cover_percent,0.0407,percent,99.96,MODIS/061/MOD10A1,2026_08_27,500,ok-satellite,2026-09-08T05:24:07+00:00
upper_amu_darya::1000_2000,upper_amu_darya,amu_darya,1000_2000,1000,2000,2026-08-28,2026,8,28,snow_cover_percent,0.0192,percent,99.93,MODIS/061/MOD10A1,2026_08_28,500,ok-satellite,2026-09-08T05:24:07+00:00
upper_amu_darya::1000_2000,upper_amu_darya,amu_darya,1000_2000,1000,2000,2026-08-29,2026,8,29,snow_cover_percent,0.0332,percent,99.38,MODIS/061/MOD10A1,2026_08_29,500,ok-satellite,2026-09-08T05:24:07+00:00
upper_amu_darya::1000_2000,upper_amu_darya,amu_darya,1000_2000,1000,2000,2026-08-30,2026,8,30,snow_cover_percent,0.0172,percent,99.94,MODIS/061/MOD10A1,2026_08_30,500,ok-satellite,2026-09-08T05:24:07+00:00
upper_amu_darya::1000_2000,upper_amu_darya,amu_darya,1000_2000,1000,2000,2026-08-31,2026,8,31,snow_cover_percent,0.0040,percent,95.73,MODIS/061/MOD10A1,2026_08_31,500,ok-satellite,2026-09-08T05:24:07+00:00
upper_amu_darya::1000_2000,upper_amu_darya,amu_darya,1000_2000,1000,2000,2026-09-01,2026,9,1,snow_cover_percent,0.0468,percent,99.92,MODIS/061/MOD10A1,2026_09_01,500,ok-satellite,2026-09-08T05:34:10+00:00
upper_amu_darya::2000_3000,upper_amu_darya,amu_darya,2000_3000,2000,3000,2026-08-02,2026,8,2,snow_cover_percent,0.0264,percent,84.48,MODIS/061/MOD10A1,2026_08_02,500,ok-satellite,2026-09-08T05:24:07+00:00
upper_amu_darya::2000_3000,upper_amu_darya,amu_darya,2000_3000,2000,3000,2026-08-03,2026,8,3,snow_cover_percent,0.2769,percent,81.99,MODIS/061/MOD10A1,2026_08_03,500,ok-satellite,2026-09-08T05:24:07+00:00
upper_amu_darya::2000_3000,upper_amu_darya,amu_darya,2000_3000,2000,3000,2026-08-04,2026,8,4,snow_cover_percent,0.1183,percent,34.45,MODIS/061/MOD10A1,2026_08_04,500,limited-clear-sky,2026-09-08T05:24:07+00:00
upper_amu_darya::2000_3000,upper_amu_darya,amu_darya,2000_3000,2000,3000,2026-08-05,2026,8,5,snow_cover_percent,0.0274,percent,89.49,MODIS/061/MOD10A1,2026_08_05,500,ok-satellite,2026-09-08T05:24:07+00:00
upper_amu_darya::2000_3000,upper_amu_darya,amu_darya,2000_3000,2000,3000,2026-08-06,2026,8,6,snow_cover_percent,0.0103,percent,99.64,MODIS/061/MOD10A1,2026_08_06,500,ok-satellite,2026-09-08T05:24:07+00:00
upper_amu_darya::2000_3000,upper_amu_darya,amu_darya,2000_3000,2000,3000,2026-08-07,2026,8,7,snow_cover_percent,0.0231,percent,99.91,MODIS/061/MOD10A1,2026_08_07,500,ok-satellite,2026-09-08T05:24:07+00:00
upper_amu_darya::2000_3000,upper_amu_darya,amu_darya,2000_3000,2000,3000,2026-08-08,2026,8,8,snow_cover_percent,0.0497,percent,97.16,MODIS/061/MOD10A1,2026_08_08,500,ok-satellite,2026-09-08T05:24:07+00:00
upper_amu_darya::2000_3000,upper_amu_darya,amu_darya,2000_3000,2000,3000,2026-08-09,2026,8,9,snow_cover_percent,0.8333,percent,75.63,MODIS/061/MOD10A1,2026_08_09,500,ok-satellite,2026-09-08T05:24:07+00:00
upper_amu_darya::2000_3000,upper_amu_darya,amu_darya,2000_3000,2000,3000,2026-08-10,2026,8,10,snow_cover_percent,0.0310,percent,75.80,MODIS/061/MOD10A1,2026_08_10,500,ok-satellite,2026-09-08T05:24:07+00:00
upper_amu_darya::2000_3000,upper_amu_darya,amu_darya,2000_3000,2000,3000,2026-08-11,2026,8,11,snow_cover_percent,0.0064,percent,82.71,MODIS/061/MOD10A1,2026_08_11,500,ok-satellite,2026-09-08T05:24:07+00:00
upper_amu_darya::2000_3000,upper_amu_darya,amu_darya,2000_3000,2000,3000,2026-08-12,2026,8,12,snow_cover_percent,0.0162,percent,89.19,MODIS/061/MOD10A1,2026_08_12,500,ok-satellite,2026-09-08T05:24:07+00:00
upper_amu_darya::2000_3000,upper_amu_darya,amu_darya,2000_3000,2000,3000,2026-08-13,2026,8,13,snow_cover_percent,0.0867,percent,99.01,MODIS/061/MOD10A1,2026_08_13,500,ok-satellite,2026-09-08T05:24:07+00:00
upper_amu_darya::2000_3000,upper_amu_darya,amu_darya,2000_3000,2000,3000,2026-08-14,2026,8,14,snow_cover_percent,0.0316,percent,99.50,MODIS/061/MOD10A1,2026_08_14,500,ok-satellite,2026-09-08T05:24:07+00:00
upper_amu_darya::2000_3000,upper_amu_darya,amu_darya,2000_3000,2000,3000,2026-08-15,2026,8,15,snow_cover_percent,0.0051,percent,99.83,MODIS/061/MOD10A1,2026_08_15,500,ok-satellite,2026-09-08T05:24:07+00:00
upper_amu_darya::2000_3000,upper_amu_darya,amu_darya,2000_3000,2000,3000,2026-08-16,2026,8,16,snow_cover_percent,0.0112,percent,99.97,MODIS/061/MOD10A1,2026_08_16,500,ok-satellite,2026-09-08T05:24:07+00:00
upper_amu_darya::2000_3000,upper_amu_darya,amu_darya,2000_3000,2000,3000,2026-08-17,2026,8,17,snow_cover_percent,0.0244,percent,99.90,MODIS/061/MOD10A1,2026_08_17,500,ok-satellite,2026-09-08T05:24:07+00:00
upper_amu_darya::2000_3000,upper_amu_darya,amu_darya,2000_3000,2000,3000,2026-08-18,2026,8,18,snow_cover_percent,0.0897,percent,99.48,MODIS/061/MOD10A1,2026_08_18,500,ok-satellite,2026-09-08T05:24:07+00:00
upper_amu_darya::2000_3000,upper_amu_darya,amu_darya,2000_3000,2000,3000,2026-08-19,2026,8,19,snow_cover_percent,0.0343,percent,99.98,MODIS/061/MOD10A1,2026_08_19,500,ok-satellite,2026-09-08T05:24:07+00:00
upper_amu_darya::2000_3000,upper_amu_darya,amu_darya,2000_3000,2000,3000,2026-08-20,2026,8,20,snow_cover_percent,0.0112,percent,96.18,MODIS/061/MOD10A1,2026_08_20,500,ok-satellite,2026-09-08T05:24:07+00:00
upper_amu_darya::2000_3000,upper_amu_darya,amu_darya,2000_3000,2000,3000,2026-08-21,2026,8,21,snow_cover_percent,0.0088,percent,92.91,MODIS/061/MOD10A1,2026_08_21,500,ok-satellite,2026-09-08T05:24:07+00:00
upper_amu_darya::2000_3000,upper_amu_darya,amu_darya,2000_3000,2000,3000,2026-08-22,2026,8,22,snow_cover_percent,0.3202,percent,75.78,MODIS/061/MOD10A1,2026_08_22,500,ok-satellite,2026-09-08T05:24:07+00:00
upper_amu_darya::2000_3000,upper_amu_darya,amu_darya,2000_3000,2000,3000,2026-08-23,2026,8,23,snow_cover_percent,1.1029,percent,64.22,MODIS/061/MOD10A1,2026_08_23,500,limited-clear-sky,2026-09-08T05:24:07+00:00
upper_amu_darya::2000_3000,upper_amu_darya,amu_darya,2000_3000,2000,3000,2026-08-24,2026,8,24,snow_cover_percent,0.0297,percent,99.56,MODIS/061/MOD10A1,2026_08_24,500,ok-satellite,2026-09-08T05:24:07+00:00
upper_amu_darya::2000_3000,upper_amu_darya,amu_darya,2000_3000,2000,3000,2026-08-25,2026,8,25,snow_cover_percent,0.0114,percent,97.49,MODIS/061/MOD10A1,2026_08_25,500,ok-satellite,2026-09-08T05:24:07+00:00
upper_amu_darya::2000_3000,upper_amu_darya,amu_darya,2000_3000,2000,3000,2026-08-26,2026,8,26,snow_cover_percent,0.0079,percent,98.87,MODIS/061/MOD10A1,2026_08_26,500,ok-satellite,2026-09-08T05:24:07+00:00
upper_amu_darya::2000_3000,upper_amu_darya,amu_darya,2000_3000,2000,3000,2026-08-27,2026,8,27,snow_cover_percent,0.0187,percent,99.87,MODIS/061/MOD10A1,2026_08_27,500,ok-satellite,2026-09-08T05:24:07+00:00
upper_amu_darya::2000_3000,upper_amu_darya,amu_darya,2000_3000,2000,3000,2026-08-28,2026,8,28,snow_cover_percent,0.0505,percent,99.50,MODIS/061/MOD10A1,2026_08_28,500,ok-satellite,2026-09-08T05:24:07+00:00
upper_amu_darya::2000_3000,upper_amu_darya,amu_darya,2000_3000,2000,3000,2026-08-29,2026,8,29,snow_cover_percent,0.0263,percent,98.72,MODIS/061/MOD10A1,2026_08_29,500,ok-satellite,2026-09-08T05:24:07+00:00
upper_amu_darya::2000_3000,upper_amu_darya,amu_darya,2000_3000,2000,3000,2026-08-30,2026,8,30,snow_cover_percent,0.0093,percent,99.76,MODIS/061/MOD10A1,2026_08_30,500,ok-satellite,2026-09-08T05:24:07+00:00
upper_amu_darya::2000_3000,upper_amu_darya,amu_darya,2000_3000,2000,3000,2026-08-31,2026,8,31,snow_cover_percent,0.0064,percent,98.97,MODIS/061/MOD10A1,2026_08_31,500,ok-satellite,2026-09-08T05:24:07+00:00
upper_amu_darya::2000_3000,upper_amu_darya,amu_darya,2000_3000,2000,3000,2026-09-01,2026,9,1,snow_cover_percent,0.0177,percent,98.07,MODIS/061/MOD10A1,2026_09_01,500,ok-satellite,2026-09-08T05:34:10+00:00
upper_amu_darya::3000_4000,upper_amu_darya,amu_darya,3000_4000,3000,4000,2026-08-02,2026,8,2,snow_cover_percent,0.5928,percent,89.41,MODIS/061/MOD10A1,2026_08_02,500,ok-satellite,2026-09-08T05:24:07+00:00
upper_amu_darya::3000_4000,upper_amu_darya,amu_darya,3000_4000,3000,4000,2026-08-03,2026,8,3,snow_cover_percent,1.0397,percent,75.65,MODIS/061/MOD10A1,2026_08_03,500,ok-satellite,2026-09-08T05:24:07+00:00
upper_amu_darya::3000_4000,upper_amu_darya,amu_darya,3000_4000,3000,4000,2026-08-04,2026,8,4,snow_cover_percent,0.2543,percent,36.41,MODIS/061/MOD10A1,2026_08_04,500,limited-clear-sky,2026-09-08T05:24:07+00:00
upper_amu_darya::3000_4000,upper_amu_darya,amu_darya,3000_4000,3000,4000,2026-08-05,2026,8,5,snow_cover_percent,0.3105,percent,86.83,MODIS/061/MOD10A1,2026_08_05,500,ok-satellite,2026-09-08T05:24:07+00:00
upper_amu_darya::3000_4000,upper_amu_darya,amu_darya,3000_4000,3000,4000,2026-08-06,2026,8,6,snow_cover_percent,0.2128,percent,96.93,MODIS/061/MOD10A1,2026_08_06,500,ok-satellite,2026-09-08T05:24:07+00:00
upper_amu_darya::3000_4000,upper_amu_darya,amu_darya,3000_4000,3000,4000,2026-08-07,2026,8,7,snow_cover_percent,0.4089,percent,94.87,MODIS/061/MOD10A1,2026_08_07,500,ok-satellite,2026-09-08T05:24:07+00:00
upper_amu_darya::3000_4000,upper_amu_darya,amu_darya,3000_4000,3000,4000,2026-08-08,2026,8,8,snow_cover_percent,0.9818,percent,85.03,MODIS/061/MOD10A1,2026_08_08,500,ok-satellite,2026-09-08T05:24:07+00:00
upper_amu_darya::3000_4000,upper_amu_darya,amu_darya,3000_4000,3000,4000,2026-08-09,2026,8,9,snow_cover_percent,1.3720,percent,67.64,MODIS/061/MOD10A1,2026_08_09,500,limited-clear-sky,2026-09-08T05:24:07+00:00
upper_amu_darya::3000_4000,upper_amu_darya,amu_darya,3000_4000,3000,4000,2026-08-10,2026,8,10,snow_cover_percent,0.5334,percent,70.85,MODIS/061/MOD10A1,2026_08_10,500,ok-satellite,2026-09-08T05:24:07+00:00
upper_amu_darya::3000_4000,upper_amu_darya,amu_darya,3000_4000,3000,4000,2026-08-11,2026,8,11,snow_cover_percent,0.1757,percent,73.25,MODIS/061/MOD10A1,2026_08_11,500,ok-satellite,2026-09-08T05:24:07+00:00
upper_amu_darya::3000_4000,upper_amu_darya,amu_darya,3000_4000,3000,4000,2026-08-12,2026,8,12,snow_cover_percent,0.3374,percent,61.33,MODIS/061/MOD10A1,2026_08_12,500,limited-clear-sky,2026-09-08T05:24:07+00:00
upper_amu_darya::3000_4000,upper_amu_darya,amu_darya,3000_4000,3000,4000,2026-08-13,2026,8,13,snow_cover_percent,0.9553,percent,90.43,MODIS/061/MOD10A1,2026_08_13,500,ok-satellite,2026-09-08T05:24:07+00:00
upper_amu_darya::3000_4000,upper_amu_darya,amu_darya,3000_4000,3000,4000,2026-08-14,2026,8,14,snow_cover_percent,0.3647,percent,85.73,MODIS/061/MOD10A1,2026_08_14,500,ok-satellite,2026-09-08T05:24:07+00:00
upper_amu_darya::3000_4000,upper_amu_darya,amu_darya,3000_4000,3000,4000,2026-08-15,2026,8,15,snow_cover_percent,0.5071,percent,94.24,MODIS/061/MOD10A1,2026_08_15,500,ok-satellite,2026-09-08T05:24:07+00:00
upper_amu_darya::3000_4000,upper_amu_darya,amu_darya,3000_4000,3000,4000,2026-08-16,2026,8,16,snow_cover_percent,0.1714,percent,98.54,MODIS/061/MOD10A1,2026_08_16,500,ok-satellite,2026-09-08T05:24:07+00:00
upper_amu_darya::3000_4000,upper_amu_darya,amu_darya,3000_4000,3000,4000,2026-08-17,2026,8,17,snow_cover_percent,0.3213,percent,97.70,MODIS/061/MOD10A1,2026_08_17,500,ok-satellite,2026-09-08T05:24:07+00:00
upper_amu_darya::3000_4000,upper_amu_darya,amu_darya,3000_4000,3000,4000,2026-08-18,2026,8,18,snow_cover_percent,0.7007,percent,97.37,MODIS/061/MOD10A1,2026_08_18,500,ok-satellite,2026-09-08T05:24:07+00:00
upper_amu_darya::3000_4000,upper_amu_darya,amu_darya,3000_4000,3000,4000,2026-08-19,2026,8,19,snow_cover_percent,0.2680,percent,98.17,MODIS/061/MOD10A1,2026_08_19,500,ok-satellite,2026-09-08T05:24:07+00:00
upper_amu_darya::3000_4000,upper_amu_darya,amu_darya,3000_4000,3000,4000,2026-08-20,2026,8,20,snow_cover_percent,0.3035,percent,92.75,MODIS/061/MOD10A1,2026_08_20,500,ok-satellite,2026-09-08T05:24:07+00:00
upper_amu_darya::3000_4000,upper_amu_darya,amu_darya,3000_4000,3000,4000,2026-08-21,2026,8,21,snow_cover_percent,0.1276,percent,83.64,MODIS/061/MOD10A1,2026_08_21,500,ok-satellite,2026-09-08T05:24:07+00:00
upper_amu_darya::3000_4000,upper_amu_darya,amu_darya,3000_4000,3000,4000,2026-08-22,2026,8,22,snow_cover_percent,0.4826,percent,79.82,MODIS/061/MOD10A1,2026_08_22,500,ok-satellite,2026-09-08T05:24:07+00:00
upper_amu_darya::3000_4000,upper_amu_darya,amu_darya,3000_4000,3000,4000,2026-08-23,2026,8,23,snow_cover_percent,3.0031,percent,43.23,MODIS/061/MOD10A1,2026_08_23,500,limited-clear-sky,2026-09-08T05:24:07+00:00
upper_amu_darya::3000_4000,upper_amu_darya,amu_darya,3000_4000,3000,4000,2026-08-24,2026,8,24,snow_cover_percent,0.3331,percent,94.65,MODIS/061/MOD10A1,2026_08_24,500,ok-satellite,2026-09-08T05:24:07+00:00
upper_amu_darya::3000_4000,upper_amu_darya,amu_darya,3000_4000,3000,4000,2026-08-25,2026,8,25,snow_cover_percent,0.3577,percent,94.73,MODIS/061/MOD10A1,2026_08_25,500,ok-satellite,2026-09-08T05:24:07+00:00
upper_amu_darya::3000_4000,upper_amu_darya,amu_darya,3000_4000,3000,4000,2026-08-26,2026,8,26,snow_cover_percent,0.1469,percent,97.12,MODIS/061/MOD10A1,2026_08_26,500,ok-satellite,2026-09-08T05:24:07+00:00
upper_amu_darya::3000_4000,upper_amu_darya,amu_darya,3000_4000,3000,4000,2026-08-27,2026,8,27,snow_cover_percent,0.3049,percent,98.05,MODIS/061/MOD10A1,2026_08_27,500,ok-satellite,2026-09-08T05:24:07+00:00
upper_amu_darya::3000_4000,upper_amu_darya,amu_darya,3000_4000,3000,4000,2026-08-28,2026,8,28,snow_cover_percent,0.6703,percent,95.31,MODIS/061/MOD10A1,2026_08_28,500,ok-satellite,2026-09-08T05:24:07+00:00
upper_amu_darya::3000_4000,upper_amu_darya,amu_darya,3000_4000,3000,4000,2026-08-29,2026,8,29,snow_cover_percent,0.2351,percent,97.32,MODIS/061/MOD10A1,2026_08_29,500,ok-satellite,2026-09-08T05:24:07+00:00
upper_amu_darya::3000_4000,upper_amu_darya,amu_darya,3000_4000,3000,4000,2026-08-30,2026,8,30,snow_cover_percent,0.3634,percent,97.24,MODIS/061/MOD10A1,2026_08_30,500,ok-satellite,2026-09-08T05:24:07+00:00
upper_amu_darya::3000_4000,upper_amu_darya,amu_darya,3000_4000,3000,4000,2026-08-31,2026,8,31,snow_cover_percent,0.1261,percent,95.84,MODIS/061/MOD10A1,2026_08_31,500,ok-satellite,2026-09-08T05:24:07+00:00
upper_amu_darya::3000_4000,upper_amu_darya,amu_darya,3000_4000,3000,4000,2026-09-01,2026,9,1,snow_cover_percent,0.2085,percent,93.40,MODIS/061/MOD10A1,2026_09_01,500,ok-satellite,2026-09-08T05:34:10+00:00
upper_amu_darya::gte_4000,upper_amu_darya,amu_darya,gte_4000,4000,,2026-08-02,2026,8,2,snow_cover_percent,11.6005,percent,89.13,MODIS/061/MOD10A1,2026_08_02,500,ok-satellite,2026-09-08T05:24:07+00:00
upper_amu_darya::gte_4000,upper_amu_darya,amu_darya,gte_4000,4000,,2026-08-03,2026,8,3,snow_cover_percent,6.0650,percent,77.09,MODIS/061/MOD10A1,2026_08_03,500,ok-satellite,2026-09-08T05:24:07+00:00
upper_amu_darya::gte_4000,upper_amu_darya,amu_darya,gte_4000,4000,,2026-08-04,2026,8,4,snow_cover_percent,5.2479,percent,27.39,MODIS/061/MOD10A1,2026_08_04,500,insufficient-clear-sky,2026-09-08T05:24:07+00:00
upper_amu_darya::gte_4000,upper_amu_darya,amu_darya,gte_4000,4000,,2026-08-05,2026,8,5,snow_cover_percent,12.1408,percent,93.56,MODIS/061/MOD10A1,2026_08_05,500,ok-satellite,2026-09-08T05:24:07+00:00
upper_amu_darya::gte_4000,upper_amu_darya,amu_darya,gte_4000,4000,,2026-08-06,2026,8,6,snow_cover_percent,8.3163,percent,95.82,MODIS/061/MOD10A1,2026_08_06,500,ok-satellite,2026-09-08T05:24:07+00:00
upper_amu_darya::gte_4000,upper_amu_darya,amu_darya,gte_4000,4000,,2026-08-07,2026,8,7,snow_cover_percent,12.0931,percent,79.11,MODIS/061/MOD10A1,2026_08_07,500,ok-satellite,2026-09-08T05:24:07+00:00
upper_amu_darya::gte_4000,upper_amu_darya,amu_darya,gte_4000,4000,,2026-08-08,2026,8,8,snow_cover_percent,16.5506,percent,60.08,MODIS/061/MOD10A1,2026_08_08,500,limited-clear-sky,2026-09-08T05:24:07+00:00
upper_amu_darya::gte_4000,upper_amu_darya,amu_darya,gte_4000,4000,,2026-08-09,2026,8,9,snow_cover_percent,5.1681,percent,51.02,MODIS/061/MOD10A1,2026_08_09,500,limited-clear-sky,2026-09-08T05:24:07+00:00
upper_amu_darya::gte_4000,upper_amu_darya,amu_darya,gte_4000,4000,,2026-08-10,2026,8,10,snow_cover_percent,4.4176,percent,56.72,MODIS/061/MOD10A1,2026_08_10,500,limited-clear-sky,2026-09-08T05:24:07+00:00
upper_amu_darya::gte_4000,upper_amu_darya,amu_darya,gte_4000,4000,,2026-08-11,2026,8,11,snow_cover_percent,3.8320,percent,59.86,MODIS/061/MOD10A1,2026_08_11,500,limited-clear-sky,2026-09-08T05:24:07+00:00
upper_amu_darya::gte_4000,upper_amu_darya,amu_darya,gte_4000,4000,,2026-08-12,2026,8,12,snow_cover_percent,7.2173,percent,25.96,MODIS/061/MOD10A1,2026_08_12,500,insufficient-clear-sky,2026-09-08T05:24:07+00:00
upper_amu_darya::gte_4000,upper_amu_darya,amu_darya,gte_4000,4000,,2026-08-13,2026,8,13,snow_cover_percent,9.8672,percent,72.53,MODIS/061/MOD10A1,2026_08_13,500,ok-satellite,2026-09-08T05:24:07+00:00
upper_amu_darya::gte_4000,upper_amu_darya,amu_darya,gte_4000,4000,,2026-08-14,2026,8,14,snow_cover_percent,9.5259,percent,66.72,MODIS/061/MOD10A1,2026_08_14,500,limited-clear-sky,2026-09-08T05:24:07+00:00
upper_amu_darya::gte_4000,upper_amu_darya,amu_darya,gte_4000,4000,,2026-08-15,2026,8,15,snow_cover_percent,13.1700,percent,76.59,MODIS/061/MOD10A1,2026_08_15,500,ok-satellite,2026-09-08T05:24:07+00:00
upper_amu_darya::gte_4000,upper_amu_darya,amu_darya,gte_4000,4000,,2026-08-16,2026,8,16,snow_cover_percent,6.5764,percent,97.94,MODIS/061/MOD10A1,2026_08_16,500,ok-satellite,2026-09-08T05:24:07+00:00
upper_amu_darya::gte_4000,upper_amu_darya,amu_darya,gte_4000,4000,,2026-08-17,2026,8,17,snow_cover_percent,9.2738,percent,92.60,MODIS/061/MOD10A1,2026_08_17,500,ok-satellite,2026-09-08T05:24:07+00:00
upper_amu_darya::gte_4000,upper_amu_darya,amu_darya,gte_4000,4000,,2026-08-18,2026,8,18,snow_cover_percent,10.0576,percent,95.92,MODIS/061/MOD10A1,2026_08_18,500,ok-satellite,2026-09-08T05:24:07+00:00
upper_amu_darya::gte_4000,upper_amu_darya,amu_darya,gte_4000,4000,,2026-08-19,2026,8,19,snow_cover_percent,8.1192,percent,97.32,MODIS/061/MOD10A1,2026_08_19,500,ok-satellite,2026-09-08T05:24:07+00:00
upper_amu_darya::gte_4000,upper_amu_darya,amu_darya,gte_4000,4000,,2026-08-20,2026,8,20,snow_cover_percent,9.7502,percent,93.89,MODIS/061/MOD10A1,2026_08_20,500,ok-satellite,2026-09-08T05:24:07+00:00
upper_amu_darya::gte_4000,upper_amu_darya,amu_darya,gte_4000,4000,,2026-08-21,2026,8,21,snow_cover_percent,3.9724,percent,85.67,MODIS/061/MOD10A1,2026_08_21,500,ok-satellite,2026-09-08T05:24:07+00:00
upper_amu_darya::gte_4000,upper_amu_darya,amu_darya,gte_4000,4000,,2026-08-22,2026,8,22,snow_cover_percent,7.3640,percent,88.68,MODIS/061/MOD10A1,2026_08_22,500,ok-satellite,2026-09-08T05:24:07+00:00
upper_amu_darya::gte_4000,upper_amu_darya,amu_darya,gte_4000,4000,,2026-08-23,2026,8,23,snow_cover_percent,9.8893,percent,27.31,MODIS/061/MOD10A1,2026_08_23,500,insufficient-clear-sky,2026-09-08T05:24:07+00:00
upper_amu_darya::gte_4000,upper_amu_darya,amu_darya,gte_4000,4000,,2026-08-24,2026,8,24,snow_cover_percent,14.1754,percent,90.17,MODIS/061/MOD10A1,2026_08_24,500,ok-satellite,2026-09-08T05:24:07+00:00
upper_amu_darya::gte_4000,upper_amu_darya,amu_darya,gte_4000,4000,,2026-08-25,2026,8,25,snow_cover_percent,11.7022,percent,94.42,MODIS/061/MOD10A1,2026_08_25,500,ok-satellite,2026-09-08T05:24:07+00:00
upper_amu_darya::gte_4000,upper_amu_darya,amu_darya,gte_4000,4000,,2026-08-26,2026,8,26,snow_cover_percent,6.8567,percent,98.77,MODIS/061/MOD10A1,2026_08_26,500,ok-satellite,2026-09-08T05:24:07+00:00
upper_amu_darya::gte_4000,upper_amu_darya,amu_darya,gte_4000,4000,,2026-08-27,2026,8,27,snow_cover_percent,10.1491,percent,96.82,MODIS/061/MOD10A1,2026_08_27,500,ok-satellite,2026-09-08T05:24:07+00:00
upper_amu_darya::gte_4000,upper_amu_darya,amu_darya,gte_4000,4000,,2026-08-28,2026,8,28,snow_cover_percent,12.9982,percent,91.52,MODIS/061/MOD10A1,2026_08_28,500,ok-satellite,2026-09-08T05:24:07+00:00
upper_amu_darya::gte_4000,upper_amu_darya,amu_darya,gte_4000,4000,,2026-08-29,2026,8,29,snow_cover_percent,8.2960,percent,98.74,MODIS/061/MOD10A1,2026_08_29,500,ok-satellite,2026-09-08T05:24:07+00:00
upper_amu_darya::gte_4000,upper_amu_darya,amu_darya,gte_4000,4000,,2026-08-30,2026,8,30,snow_cover_percent,8.8421,percent,93.08,MODIS/061/MOD10A1,2026_08_30,500,ok-satellite,2026-09-08T05:24:07+00:00
upper_amu_darya::gte_4000,upper_amu_darya,amu_darya,gte_4000,4000,,2026-08-31,2026,8,31,snow_cover_percent,4.8526,percent,98.17,MODIS/061/MOD10A1,2026_08_31,500,ok-satellite,2026-09-08T05:24:07+00:00
upper_amu_darya::gte_4000,upper_amu_darya,amu_darya,gte_4000,4000,,2026-09-01,2026,9,1,snow_cover_percent,7.8568,percent,90.03,MODIS/061/MOD10A1,2026_09_01,500,ok-satellite,2026-09-08T05:34:10+00:00
upper_amu_darya::lt_1000,upper_amu_darya,amu_darya,lt_1000,,1000,2026-08-02,2026,8,2,snow_cover_percent,0.0000,percent,98.54,MODIS/061/MOD10A1,2026_08_02,500,ok-satellite,2026-09-08T05:24:07+00:00
upper_amu_darya::lt_1000,upper_amu_darya,amu_darya,lt_1000,,1000,2026-08-03,2026,8,3,snow_cover_percent,0.0009,percent,96.64,MODIS/061/MOD10A1,2026_08_03,500,ok-satellite,2026-09-08T05:24:07+00:00
upper_amu_darya::lt_1000,upper_amu_darya,amu_darya,lt_1000,,1000,2026-08-04,2026,8,4,snow_cover_percent,0.0000,percent,79.59,MODIS/061/MOD10A1,2026_08_04,500,ok-satellite,2026-09-08T05:24:07+00:00
upper_amu_darya::lt_1000,upper_amu_darya,amu_darya,lt_1000,,1000,2026-08-05,2026,8,5,snow_cover_percent,0.0000,percent,98.96,MODIS/061/MOD10A1,2026_08_05,500,ok-satellite,2026-09-08T05:24:07+00:00
upper_amu_darya::lt_1000,upper_amu_darya,amu_darya,lt_1000,,1000,2026-08-06,2026,8,6,snow_cover_percent,0.0000,percent,99.44,MODIS/061/MOD10A1,2026_08_06,500,ok-satellite,2026-09-08T05:24:07+00:00
upper_amu_darya::lt_1000,upper_amu_darya,amu_darya,lt_1000,,1000,2026-08-07,2026,8,7,snow_cover_percent,0.0000,percent,99.08,MODIS/061/MOD10A1,2026_08_07,500,ok-satellite,2026-09-08T05:24:07+00:00
upper_amu_darya::lt_1000,upper_amu_darya,amu_darya,lt_1000,,1000,2026-08-08,2026,8,8,snow_cover_percent,0.0006,percent,98.49,MODIS/061/MOD10A1,2026_08_08,500,ok-satellite,2026-09-08T05:24:07+00:00
upper_amu_darya::lt_1000,upper_amu_darya,amu_darya,lt_1000,,1000,2026-08-09,2026,8,9,snow_cover_percent,0.0262,percent,66.51,MODIS/061/MOD10A1,2026_08_09,500,limited-clear-sky,2026-09-08T05:24:07+00:00
upper_amu_darya::lt_1000,upper_amu_darya,amu_darya,lt_1000,,1000,2026-08-10,2026,8,10,snow_cover_percent,0.0000,percent,74.19,MODIS/061/MOD10A1,2026_08_10,500,ok-satellite,2026-09-08T05:24:07+00:00
upper_amu_darya::lt_1000,upper_amu_darya,amu_darya,lt_1000,,1000,2026-08-11,2026,8,11,snow_cover_percent,0.0000,percent,95.17,MODIS/061/MOD10A1,2026_08_11,500,ok-satellite,2026-09-08T05:24:07+00:00
upper_amu_darya::lt_1000,upper_amu_darya,amu_darya,lt_1000,,1000,2026-08-12,2026,8,12,snow_cover_percent,0.0000,percent,99.04,MODIS/061/MOD10A1,2026_08_12,500,ok-satellite,2026-09-08T05:24:07+00:00
upper_amu_darya::lt_1000,upper_amu_darya,amu_darya,lt_1000,,1000,2026-08-13,2026,8,13,snow_cover_percent,0.0003,percent,99.47,MODIS/061/MOD10A1,2026_08_13,500,ok-satellite,2026-09-08T05:24:07+00:00
upper_amu_darya::lt_1000,upper_amu_darya,amu_darya,lt_1000,,1000,2026-08-14,2026,8,14,snow_cover_percent,0.0000,percent,99.23,MODIS/061/MOD10A1,2026_08_14,500,ok-satellite,2026-09-08T05:24:07+00:00
upper_amu_darya::lt_1000,upper_amu_darya,amu_darya,lt_1000,,1000,2026-08-15,2026,8,15,snow_cover_percent,0.0000,percent,99.23,MODIS/061/MOD10A1,2026_08_15,500,ok-satellite,2026-09-08T05:24:07+00:00
upper_amu_darya::lt_1000,upper_amu_darya,amu_darya,lt_1000,,1000,2026-08-16,2026,8,16,snow_cover_percent,0.0000,percent,99.43,MODIS/061/MOD10A1,2026_08_16,500,ok-satellite,2026-09-08T05:24:07+00:00
upper_amu_darya::lt_1000,upper_amu_darya,amu_darya,lt_1000,,1000,2026-08-17,2026,8,17,snow_cover_percent,0.0000,percent,99.07,MODIS/061/MOD10A1,2026_08_17,500,ok-satellite,2026-09-08T05:24:07+00:00
upper_amu_darya::lt_1000,upper_amu_darya,amu_darya,lt_1000,,1000,2026-08-18,2026,8,18,snow_cover_percent,0.0000,percent,99.36,MODIS/061/MOD10A1,2026_08_18,500,ok-satellite,2026-09-08T05:24:07+00:00
upper_amu_darya::lt_1000,upper_amu_darya,amu_darya,lt_1000,,1000,2026-08-19,2026,8,19,snow_cover_percent,0.0000,percent,99.20,MODIS/061/MOD10A1,2026_08_19,500,ok-satellite,2026-09-08T05:24:07+00:00
upper_amu_darya::lt_1000,upper_amu_darya,amu_darya,lt_1000,,1000,2026-08-20,2026,8,20,snow_cover_percent,0.0000,percent,99.03,MODIS/061/MOD10A1,2026_08_20,500,ok-satellite,2026-09-08T05:24:07+00:00
upper_amu_darya::lt_1000,upper_amu_darya,amu_darya,lt_1000,,1000,2026-08-21,2026,8,21,snow_cover_percent,0.0000,percent,91.52,MODIS/061/MOD10A1,2026_08_21,500,ok-satellite,2026-09-08T05:24:07+00:00
upper_amu_darya::lt_1000,upper_amu_darya,amu_darya,lt_1000,,1000,2026-08-22,2026,8,22,snow_cover_percent,0.0200,percent,67.89,MODIS/061/MOD10A1,2026_08_22,500,limited-clear-sky,2026-09-08T05:24:07+00:00
upper_amu_darya::lt_1000,upper_amu_darya,amu_darya,lt_1000,,1000,2026-08-23,2026,8,23,snow_cover_percent,0.0000,percent,95.97,MODIS/061/MOD10A1,2026_08_23,500,ok-satellite,2026-09-08T05:24:07+00:00
upper_amu_darya::lt_1000,upper_amu_darya,amu_darya,lt_1000,,1000,2026-08-24,2026,8,24,snow_cover_percent,0.0000,percent,99.27,MODIS/061/MOD10A1,2026_08_24,500,ok-satellite,2026-09-08T05:24:07+00:00
upper_amu_darya::lt_1000,upper_amu_darya,amu_darya,lt_1000,,1000,2026-08-25,2026,8,25,snow_cover_percent,0.0000,percent,99.16,MODIS/061/MOD10A1,2026_08_25,500,ok-satellite,2026-09-08T05:24:07+00:00
upper_amu_darya::lt_1000,upper_amu_darya,amu_darya,lt_1000,,1000,2026-08-26,2026,8,26,snow_cover_percent,0.0000,percent,82.17,MODIS/061/MOD10A1,2026_08_26,500,ok-satellite,2026-09-08T05:24:07+00:00
upper_amu_darya::lt_1000,upper_amu_darya,amu_darya,lt_1000,,1000,2026-08-27,2026,8,27,snow_cover_percent,0.0000,percent,99.05,MODIS/061/MOD10A1,2026_08_27,500,ok-satellite,2026-09-08T05:24:07+00:00
upper_amu_darya::lt_1000,upper_amu_darya,amu_darya,lt_1000,,1000,2026-08-28,2026,8,28,snow_cover_percent,0.0000,percent,99.34,MODIS/061/MOD10A1,2026_08_28,500,ok-satellite,2026-09-08T05:24:07+00:00
upper_amu_darya::lt_1000,upper_amu_darya,amu_darya,lt_1000,,1000,2026-08-29,2026,8,29,snow_cover_percent,0.0000,percent,99.09,MODIS/061/MOD10A1,2026_08_29,500,ok-satellite,2026-09-08T05:24:07+00:00
upper_amu_darya::lt_1000,upper_amu_darya,amu_darya,lt_1000,,1000,2026-08-30,2026,8,30,snow_cover_percent,0.0000,percent,99.08,MODIS/061/MOD10A1,2026_08_30,500,ok-satellite,2026-09-08T05:24:07+00:00
upper_amu_darya::lt_1000,upper_amu_darya,amu_darya,lt_1000,,1000,2026-08-31,2026,8,31,snow_cover_percent,0.0000,percent,86.70,MODIS/061/MOD10A1,2026_08_31,500,ok-satellite,2026-09-08T05:24:07+00:00
upper_amu_darya::lt_1000,upper_amu_darya,amu_darya,lt_1000,,1000,2026-09-01,2026,9,1,snow_cover_percent,0.0000,percent,99.11,MODIS/061/MOD10A1,2026_09_01,500,ok-satellite,2026-09-08T05:34:10+00:00
upper_syr_darya::1000_2000,upper_syr_darya,syr_darya,1000_2000,1000,2000,2026-08-02,2026,8,2,snow_cover_percent,0.0002,percent,99.90,MODIS/061/MOD10A1,2026_08_02,500,ok-satellite,2026-09-08T05:24:07+00:00
upper_syr_darya::1000_2000,upper_syr_darya,syr_darya,1000_2000,1000,2000,2026-08-03,2026,8,3,snow_cover_percent,0.1905,percent,60.72,MODIS/061/MOD10A1,2026_08_03,500,limited-clear-sky,2026-09-08T05:24:07+00:00
upper_syr_darya::1000_2000,upper_syr_darya,syr_darya,1000_2000,1000,2000,2026-08-04,2026,8,4,snow_cover_percent,16.5228,percent,7.84,MODIS/061/MOD10A1,2026_08_04,500,insufficient-clear-sky,2026-09-08T05:24:07+00:00
upper_syr_darya::1000_2000,upper_syr_darya,syr_darya,1000_2000,1000,2000,2026-08-05,2026,8,5,snow_cover_percent,0.2175,percent,60.29,MODIS/061/MOD10A1,2026_08_05,500,limited-clear-sky,2026-09-08T05:24:07+00:00
upper_syr_darya::1000_2000,upper_syr_darya,syr_darya,1000_2000,1000,2000,2026-08-06,2026,8,6,snow_cover_percent,0.0038,percent,99.87,MODIS/061/MOD10A1,2026_08_06,500,ok-satellite,2026-09-08T05:24:07+00:00
upper_syr_darya::1000_2000,upper_syr_darya,syr_darya,1000_2000,1000,2000,2026-08-07,2026,8,7,snow_cover_percent,0.0013,percent,99.89,MODIS/061/MOD10A1,2026_08_07,500,ok-satellite,2026-09-08T05:24:07+00:00
upper_syr_darya::1000_2000,upper_syr_darya,syr_darya,1000_2000,1000,2000,2026-08-08,2026,8,8,snow_cover_percent,0.1880,percent,93.29,MODIS/061/MOD10A1,2026_08_08,500,ok-satellite,2026-09-08T05:24:07+00:00
upper_syr_darya::1000_2000,upper_syr_darya,syr_darya,1000_2000,1000,2000,2026-08-09,2026,8,9,snow_cover_percent,0.0366,percent,75.61,MODIS/061/MOD10A1,2026_08_09,500,ok-satellite,2026-09-08T05:24:07+00:00
upper_syr_darya::1000_2000,upper_syr_darya,syr_darya,1000_2000,1000,2000,2026-08-10,2026,8,10,snow_cover_percent,0.0671,percent,77.04,MODIS/061/MOD10A1,2026_08_10,500,ok-satellite,2026-09-08T05:24:07+00:00
upper_syr_darya::1000_2000,upper_syr_darya,syr_darya,1000_2000,1000,2000,2026-08-11,2026,8,11,snow_cover_percent,0.1042,percent,54.23,MODIS/061/MOD10A1,2026_08_11,500,limited-clear-sky,2026-09-08T05:24:07+00:00
upper_syr_darya::1000_2000,upper_syr_darya,syr_darya,1000_2000,1000,2000,2026-08-12,2026,8,12,snow_cover_percent,0.0579,percent,82.51,MODIS/061/MOD10A1,2026_08_12,500,ok-satellite,2026-09-08T05:24:07+00:00
upper_syr_darya::1000_2000,upper_syr_darya,syr_darya,1000_2000,1000,2000,2026-08-13,2026,8,13,snow_cover_percent,0.0201,percent,97.19,MODIS/061/MOD10A1,2026_08_13,500,ok-satellite,2026-09-08T05:24:07+00:00
upper_syr_darya::1000_2000,upper_syr_darya,syr_darya,1000_2000,1000,2000,2026-08-14,2026,8,14,snow_cover_percent,0.0268,percent,91.02,MODIS/061/MOD10A1,2026_08_14,500,ok-satellite,2026-09-08T05:24:07+00:00
upper_syr_darya::1000_2000,upper_syr_darya,syr_darya,1000_2000,1000,2000,2026-08-15,2026,8,15,snow_cover_percent,0.0060,percent,99.82,MODIS/061/MOD10A1,2026_08_15,500,ok-satellite,2026-09-08T05:24:07+00:00
upper_syr_darya::1000_2000,upper_syr_darya,syr_darya,1000_2000,1000,2000,2026-08-16,2026,8,16,snow_cover_percent,0.0048,percent,99.70,MODIS/061/MOD10A1,2026_08_16,500,ok-satellite,2026-09-08T05:24:07+00:00
upper_syr_darya::1000_2000,upper_syr_darya,syr_darya,1000_2000,1000,2000,2026-08-17,2026,8,17,snow_cover_percent,0.0014,percent,95.54,MODIS/061/MOD10A1,2026_08_17,500,ok-satellite,2026-09-08T05:24:07+00:00
upper_syr_darya::1000_2000,upper_syr_darya,syr_darya,1000_2000,1000,2000,2026-08-18,2026,8,18,snow_cover_percent,0.0243,percent,95.22,MODIS/061/MOD10A1,2026_08_18,500,ok-satellite,2026-09-08T05:24:07+00:00
upper_syr_darya::1000_2000,upper_syr_darya,syr_darya,1000_2000,1000,2000,2026-08-19,2026,8,19,snow_cover_percent,0.0077,percent,97.00,MODIS/061/MOD10A1,2026_08_19,500,ok-satellite,2026-09-08T05:24:07+00:00
upper_syr_darya::1000_2000,upper_syr_darya,syr_darya,1000_2000,1000,2000,2026-08-20,2026,8,20,snow_cover_percent,0.0420,percent,91.05,MODIS/061/MOD10A1,2026_08_20,500,ok-satellite,2026-09-08T05:24:07+00:00
upper_syr_darya::1000_2000,upper_syr_darya,syr_darya,1000_2000,1000,2000,2026-08-21,2026,8,21,snow_cover_percent,0.0274,percent,77.64,MODIS/061/MOD10A1,2026_08_21,500,ok-satellite,2026-09-08T05:24:07+00:00
upper_syr_darya::1000_2000,upper_syr_darya,syr_darya,1000_2000,1000,2000,2026-08-22,2026,8,22,snow_cover_percent,1.4741,percent,9.31,MODIS/061/MOD10A1,2026_08_22,500,insufficient-clear-sky,2026-09-08T05:24:07+00:00
upper_syr_darya::1000_2000,upper_syr_darya,syr_darya,1000_2000,1000,2000,2026-08-23,2026,8,23,snow_cover_percent,0.5155,percent,72.81,MODIS/061/MOD10A1,2026_08_23,500,ok-satellite,2026-09-08T05:24:07+00:00
upper_syr_darya::1000_2000,upper_syr_darya,syr_darya,1000_2000,1000,2000,2026-08-24,2026,8,24,snow_cover_percent,0.0069,percent,94.16,MODIS/061/MOD10A1,2026_08_24,500,ok-satellite,2026-09-08T05:24:07+00:00
upper_syr_darya::1000_2000,upper_syr_darya,syr_darya,1000_2000,1000,2000,2026-08-25,2026,8,25,snow_cover_percent,0.0151,percent,93.80,MODIS/061/MOD10A1,2026_08_25,500,ok-satellite,2026-09-08T05:24:07+00:00
upper_syr_darya::1000_2000,upper_syr_darya,syr_darya,1000_2000,1000,2000,2026-08-26,2026,8,26,snow_cover_percent,0.0001,percent,99.90,MODIS/061/MOD10A1,2026_08_26,500,ok-satellite,2026-09-08T05:24:07+00:00
upper_syr_darya::1000_2000,upper_syr_darya,syr_darya,1000_2000,1000,2000,2026-08-27,2026,8,27,snow_cover_percent,0.0011,percent,99.88,MODIS/061/MOD10A1,2026_08_27,500,ok-satellite,2026-09-08T05:24:07+00:00
upper_syr_darya::1000_2000,upper_syr_darya,syr_darya,1000_2000,1000,2000,2026-08-28,2026,8,28,snow_cover_percent,0.0492,percent,98.13,MODIS/061/MOD10A1,2026_08_28,500,ok-satellite,2026-09-08T05:24:07+00:00
upper_syr_darya::1000_2000,upper_syr_darya,syr_darya,1000_2000,1000,2000,2026-08-29,2026,8,29,snow_cover_percent,0.0526,percent,91.57,MODIS/061/MOD10A1,2026_08_29,500,ok-satellite,2026-09-08T05:24:07+00:00
upper_syr_darya::1000_2000,upper_syr_darya,syr_darya,1000_2000,1000,2000,2026-08-30,2026,8,30,snow_cover_percent,0.0311,percent,92.93,MODIS/061/MOD10A1,2026_08_30,500,ok-satellite,2026-09-08T05:24:07+00:00
upper_syr_darya::1000_2000,upper_syr_darya,syr_darya,1000_2000,1000,2000,2026-08-31,2026,8,31,snow_cover_percent,0.0020,percent,99.38,MODIS/061/MOD10A1,2026_08_31,500,ok-satellite,2026-09-08T05:24:07+00:00
upper_syr_darya::1000_2000,upper_syr_darya,syr_darya,1000_2000,1000,2000,2026-09-01,2026,9,1,snow_cover_percent,0.0074,percent,96.68,MODIS/061/MOD10A1,2026_09_01,500,ok-satellite,2026-09-08T05:34:10+00:00
upper_syr_darya::2000_3000,upper_syr_darya,syr_darya,2000_3000,2000,3000,2026-08-02,2026,8,2,snow_cover_percent,0.0006,percent,99.91,MODIS/061/MOD10A1,2026_08_02,500,ok-satellite,2026-09-08T05:24:07+00:00
upper_syr_darya::2000_3000,upper_syr_darya,syr_darya,2000_3000,2000,3000,2026-08-03,2026,8,3,snow_cover_percent,0.3258,percent,57.22,MODIS/061/MOD10A1,2026_08_03,500,limited-clear-sky,2026-09-08T05:24:07+00:00
upper_syr_darya::2000_3000,upper_syr_darya,syr_darya,2000_3000,2000,3000,2026-08-04,2026,8,4,snow_cover_percent,47.0776,percent,10.63,MODIS/061/MOD10A1,2026_08_04,500,insufficient-clear-sky,2026-09-08T05:24:07+00:00
upper_syr_darya::2000_3000,upper_syr_darya,syr_darya,2000_3000,2000,3000,2026-08-05,2026,8,5,snow_cover_percent,0.3077,percent,46.23,MODIS/061/MOD10A1,2026_08_05,500,limited-clear-sky,2026-09-08T05:24:07+00:00
upper_syr_darya::2000_3000,upper_syr_darya,syr_darya,2000_3000,2000,3000,2026-08-06,2026,8,6,snow_cover_percent,0.0020,percent,98.81,MODIS/061/MOD10A1,2026_08_06,500,ok-satellite,2026-09-08T05:24:07+00:00
upper_syr_darya::2000_3000,upper_syr_darya,syr_darya,2000_3000,2000,3000,2026-08-07,2026,8,7,snow_cover_percent,0.0013,percent,99.87,MODIS/061/MOD10A1,2026_08_07,500,ok-satellite,2026-09-08T05:24:07+00:00
upper_syr_darya::2000_3000,upper_syr_darya,syr_darya,2000_3000,2000,3000,2026-08-08,2026,8,8,snow_cover_percent,0.6699,percent,81.03,MODIS/061/MOD10A1,2026_08_08,500,ok-satellite,2026-09-08T05:24:07+00:00
upper_syr_darya::2000_3000,upper_syr_darya,syr_darya,2000_3000,2000,3000,2026-08-09,2026,8,9,snow_cover_percent,0.0406,percent,83.69,MODIS/061/MOD10A1,2026_08_09,500,ok-satellite,2026-09-08T05:24:07+00:00
upper_syr_darya::2000_3000,upper_syr_darya,syr_darya,2000_3000,2000,3000,2026-08-10,2026,8,10,snow_cover_percent,0.1694,percent,41.41,MODIS/061/MOD10A1,2026_08_10,500,limited-clear-sky,2026-09-08T05:24:07+00:00
upper_syr_darya::2000_3000,upper_syr_darya,syr_darya,2000_3000,2000,3000,2026-08-11,2026,8,11,snow_cover_percent,1.2614,percent,31.20,MODIS/061/MOD10A1,2026_08_11,500,limited-clear-sky,2026-09-08T05:24:07+00:00
upper_syr_darya::2000_3000,upper_syr_darya,syr_darya,2000_3000,2000,3000,2026-08-12,2026,8,12,snow_cover_percent,0.0270,percent,68.37,MODIS/061/MOD10A1,2026_08_12,500,limited-clear-sky,2026-09-08T05:24:07+00:00
upper_syr_darya::2000_3000,upper_syr_darya,syr_darya,2000_3000,2000,3000,2026-08-13,2026,8,13,snow_cover_percent,0.1831,percent,93.71,MODIS/061/MOD10A1,2026_08_13,500,ok-satellite,2026-09-08T05:24:07+00:00
upper_syr_darya::2000_3000,upper_syr_darya,syr_darya,2000_3000,2000,3000,2026-08-14,2026,8,14,snow_cover_percent,0.0144,percent,94.16,MODIS/061/MOD10A1,2026_08_14,500,ok-satellite,2026-09-08T05:24:07+00:00
upper_syr_darya::2000_3000,upper_syr_darya,syr_darya,2000_3000,2000,3000,2026-08-15,2026,8,15,snow_cover_percent,0.0274,percent,98.23,MODIS/061/MOD10A1,2026_08_15,500,ok-satellite,2026-09-08T05:24:07+00:00
upper_syr_darya::2000_3000,upper_syr_darya,syr_darya,2000_3000,2000,3000,2026-08-16,2026,8,16,snow_cover_percent,0.0000,percent,98.56,MODIS/061/MOD10A1,2026_08_16,500,ok-satellite,2026-09-08T05:24:07+00:00
upper_syr_darya::2000_3000,upper_syr_darya,syr_darya,2000_3000,2000,3000,2026-08-17,2026,8,17,snow_cover_percent,0.0024,percent,96.71,MODIS/061/MOD10A1,2026_08_17,500,ok-satellite,2026-09-08T05:24:07+00:00
upper_syr_darya::2000_3000,upper_syr_darya,syr_darya,2000_3000,2000,3000,2026-08-18,2026,8,18,snow_cover_percent,0.0913,percent,86.56,MODIS/061/MOD10A1,2026_08_18,500,ok-satellite,2026-09-08T05:24:07+00:00
upper_syr_darya::2000_3000,upper_syr_darya,syr_darya,2000_3000,2000,3000,2026-08-19,2026,8,19,snow_cover_percent,0.0109,percent,87.43,MODIS/061/MOD10A1,2026_08_19,500,ok-satellite,2026-09-08T05:24:07+00:00
upper_syr_darya::2000_3000,upper_syr_darya,syr_darya,2000_3000,2000,3000,2026-08-20,2026,8,20,snow_cover_percent,0.5830,percent,70.44,MODIS/061/MOD10A1,2026_08_20,500,ok-satellite,2026-09-08T05:24:07+00:00
upper_syr_darya::2000_3000,upper_syr_darya,syr_darya,2000_3000,2000,3000,2026-08-21,2026,8,21,snow_cover_percent,0.2779,percent,85.58,MODIS/061/MOD10A1,2026_08_21,500,ok-satellite,2026-09-08T05:24:07+00:00
upper_syr_darya::2000_3000,upper_syr_darya,syr_darya,2000_3000,2000,3000,2026-08-22,2026,8,22,snow_cover_percent,1.7044,percent,13.93,MODIS/061/MOD10A1,2026_08_22,500,insufficient-clear-sky,2026-09-08T05:24:07+00:00
upper_syr_darya::2000_3000,upper_syr_darya,syr_darya,2000_3000,2000,3000,2026-08-23,2026,8,23,snow_cover_percent,1.0905,percent,31.72,MODIS/061/MOD10A1,2026_08_23,500,limited-clear-sky,2026-09-08T05:24:07+00:00
upper_syr_darya::2000_3000,upper_syr_darya,syr_darya,2000_3000,2000,3000,2026-08-24,2026,8,24,snow_cover_percent,0.0031,percent,82.32,MODIS/061/MOD10A1,2026_08_24,500,ok-satellite,2026-09-08T05:24:07+00:00
upper_syr_darya::2000_3000,upper_syr_darya,syr_darya,2000_3000,2000,3000,2026-08-25,2026,8,25,snow_cover_percent,0.0934,percent,70.85,MODIS/061/MOD10A1,2026_08_25,500,ok-satellite,2026-09-08T05:24:07+00:00
upper_syr_darya::2000_3000,upper_syr_darya,syr_darya,2000_3000,2000,3000,2026-08-26,2026,8,26,snow_cover_percent,0.0000,percent,99.93,MODIS/061/MOD10A1,2026_08_26,500,ok-satellite,2026-09-08T05:24:07+00:00
upper_syr_darya::2000_3000,upper_syr_darya,syr_darya,2000_3000,2000,3000,2026-08-27,2026,8,27,snow_cover_percent,0.0000,percent,99.95,MODIS/061/MOD10A1,2026_08_27,500,ok-satellite,2026-09-08T05:24:07+00:00
upper_syr_darya::2000_3000,upper_syr_darya,syr_darya,2000_3000,2000,3000,2026-08-28,2026,8,28,snow_cover_percent,0.0748,percent,94.01,MODIS/061/MOD10A1,2026_08_28,500,ok-satellite,2026-09-08T05:24:07+00:00
upper_syr_darya::2000_3000,upper_syr_darya,syr_darya,2000_3000,2000,3000,2026-08-29,2026,8,29,snow_cover_percent,0.6149,percent,89.07,MODIS/061/MOD10A1,2026_08_29,500,ok-satellite,2026-09-08T05:24:07+00:00
upper_syr_darya::2000_3000,upper_syr_darya,syr_darya,2000_3000,2000,3000,2026-08-30,2026,8,30,snow_cover_percent,0.0451,percent,78.91,MODIS/061/MOD10A1,2026_08_30,500,ok-satellite,2026-09-08T05:24:07+00:00
upper_syr_darya::2000_3000,upper_syr_darya,syr_darya,2000_3000,2000,3000,2026-08-31,2026,8,31,snow_cover_percent,0.0036,percent,95.51,MODIS/061/MOD10A1,2026_08_31,500,ok-satellite,2026-09-08T05:24:07+00:00
upper_syr_darya::2000_3000,upper_syr_darya,syr_darya,2000_3000,2000,3000,2026-09-01,2026,9,1,snow_cover_percent,0.0079,percent,85.19,MODIS/061/MOD10A1,2026_09_01,500,ok-satellite,2026-09-08T05:34:10+00:00
upper_syr_darya::3000_4000,upper_syr_darya,syr_darya,3000_4000,3000,4000,2026-08-02,2026,8,2,snow_cover_percent,0.2585,percent,98.11,MODIS/061/MOD10A1,2026_08_02,500,ok-satellite,2026-09-08T05:24:07+00:00
upper_syr_darya::3000_4000,upper_syr_darya,syr_darya,3000_4000,3000,4000,2026-08-03,2026,8,3,snow_cover_percent,0.6449,percent,44.14,MODIS/061/MOD10A1,2026_08_03,500,limited-clear-sky,2026-09-08T05:24:07+00:00
upper_syr_darya::3000_4000,upper_syr_darya,syr_darya,3000_4000,3000,4000,2026-08-04,2026,8,4,snow_cover_percent,53.2209,percent,11.42,MODIS/061/MOD10A1,2026_08_04,500,insufficient-clear-sky,2026-09-08T05:24:07+00:00
upper_syr_darya::3000_4000,upper_syr_darya,syr_darya,3000_4000,3000,4000,2026-08-05,2026,8,5,snow_cover_percent,0.5039,percent,47.02,MODIS/061/MOD10A1,2026_08_05,500,limited-clear-sky,2026-09-08T05:24:07+00:00
upper_syr_darya::3000_4000,upper_syr_darya,syr_darya,3000_4000,3000,4000,2026-08-06,2026,8,6,snow_cover_percent,0.1907,percent,88.17,MODIS/061/MOD10A1,2026_08_06,500,ok-satellite,2026-09-08T05:24:07+00:00
upper_syr_darya::3000_4000,upper_syr_darya,syr_darya,3000_4000,3000,4000,2026-08-07,2026,8,7,snow_cover_percent,0.2717,percent,97.97,MODIS/061/MOD10A1,2026_08_07,500,ok-satellite,2026-09-08T05:24:07+00:00
upper_syr_darya::3000_4000,upper_syr_darya,syr_darya,3000_4000,3000,4000,2026-08-08,2026,8,8,snow_cover_percent,1.2869,percent,77.48,MODIS/061/MOD10A1,2026_08_08,500,ok-satellite,2026-09-08T05:24:07+00:00
upper_syr_darya::3000_4000,upper_syr_darya,syr_darya,3000_4000,3000,4000,2026-08-09,2026,8,9,snow_cover_percent,0.4363,percent,81.76,MODIS/061/MOD10A1,2026_08_09,500,ok-satellite,2026-09-08T05:24:07+00:00
upper_syr_darya::3000_4000,upper_syr_darya,syr_darya,3000_4000,3000,4000,2026-08-10,2026,8,10,snow_cover_percent,1.1441,percent,20.46,MODIS/061/MOD10A1,2026_08_10,500,insufficient-clear-sky,2026-09-08T05:24:07+00:00
upper_syr_darya::3000_4000,upper_syr_darya,syr_darya,3000_4000,3000,4000,2026-08-11,2026,8,11,snow_cover_percent,1.3898,percent,20.98,MODIS/061/MOD10A1,2026_08_11,500,insufficient-clear-sky,2026-09-08T05:24:07+00:00
upper_syr_darya::3000_4000,upper_syr_darya,syr_darya,3000_4000,3000,4000,2026-08-12,2026,8,12,snow_cover_percent,0.3930,percent,43.79,MODIS/061/MOD10A1,2026_08_12,500,limited-clear-sky,2026-09-08T05:24:07+00:00
upper_syr_darya::3000_4000,upper_syr_darya,syr_darya,3000_4000,3000,4000,2026-08-13,2026,8,13,snow_cover_percent,0.8294,percent,84.29,MODIS/061/MOD10A1,2026_08_13,500,ok-satellite,2026-09-08T05:24:07+00:00
upper_syr_darya::3000_4000,upper_syr_darya,syr_darya,3000_4000,3000,4000,2026-08-14,2026,8,14,snow_cover_percent,0.2493,percent,88.11,MODIS/061/MOD10A1,2026_08_14,500,ok-satellite,2026-09-08T05:24:07+00:00
upper_syr_darya::3000_4000,upper_syr_darya,syr_darya,3000_4000,3000,4000,2026-08-15,2026,8,15,snow_cover_percent,0.5086,percent,87.90,MODIS/061/MOD10A1,2026_08_15,500,ok-satellite,2026-09-08T05:24:07+00:00
upper_syr_darya::3000_4000,upper_syr_darya,syr_darya,3000_4000,3000,4000,2026-08-16,2026,8,16,snow_cover_percent,0.0941,percent,93.25,MODIS/061/MOD10A1,2026_08_16,500,ok-satellite,2026-09-08T05:24:07+00:00
upper_syr_darya::3000_4000,upper_syr_darya,syr_darya,3000_4000,3000,4000,2026-08-17,2026,8,17,snow_cover_percent,0.1590,percent,93.92,MODIS/061/MOD10A1,2026_08_17,500,ok-satellite,2026-09-08T05:24:07+00:00
upper_syr_darya::3000_4000,upper_syr_darya,syr_darya,3000_4000,3000,4000,2026-08-18,2026,8,18,snow_cover_percent,0.3763,percent,76.85,MODIS/061/MOD10A1,2026_08_18,500,ok-satellite,2026-09-08T05:24:07+00:00
upper_syr_darya::3000_4000,upper_syr_darya,syr_darya,3000_4000,3000,4000,2026-08-19,2026,8,19,snow_cover_percent,0.1423,percent,80.57,MODIS/061/MOD10A1,2026_08_19,500,ok-satellite,2026-09-08T05:24:07+00:00
upper_syr_darya::3000_4000,upper_syr_darya,syr_darya,3000_4000,3000,4000,2026-08-20,2026,8,20,snow_cover_percent,1.3690,percent,46.22,MODIS/061/MOD10A1,2026_08_20,500,limited-clear-sky,2026-09-08T05:24:07+00:00
upper_syr_darya::3000_4000,upper_syr_darya,syr_darya,3000_4000,3000,4000,2026-08-21,2026,8,21,snow_cover_percent,3.5494,percent,64.77,MODIS/061/MOD10A1,2026_08_21,500,limited-clear-sky,2026-09-08T05:24:07+00:00
upper_syr_darya::3000_4000,upper_syr_darya,syr_darya,3000_4000,3000,4000,2026-08-22,2026,8,22,snow_cover_percent,1.2286,percent,26.44,MODIS/061/MOD10A1,2026_08_22,500,insufficient-clear-sky,2026-09-08T05:24:07+00:00
upper_syr_darya::3000_4000,upper_syr_darya,syr_darya,3000_4000,3000,4000,2026-08-23,2026,8,23,snow_cover_percent,2.4646,percent,11.76,MODIS/061/MOD10A1,2026_08_23,500,insufficient-clear-sky,2026-09-08T05:24:07+00:00
upper_syr_darya::3000_4000,upper_syr_darya,syr_darya,3000_4000,3000,4000,2026-08-24,2026,8,24,snow_cover_percent,0.7625,percent,77.09,MODIS/061/MOD10A1,2026_08_24,500,ok-satellite,2026-09-08T05:24:07+00:00
upper_syr_darya::3000_4000,upper_syr_darya,syr_darya,3000_4000,3000,4000,2026-08-25,2026,8,25,snow_cover_percent,0.6558,percent,49.23,MODIS/061/MOD10A1,2026_08_25,500,limited-clear-sky,2026-09-08T05:24:07+00:00
upper_syr_darya::3000_4000,upper_syr_darya,syr_darya,3000_4000,3000,4000,2026-08-26,2026,8,26,snow_cover_percent,0.4062,percent,97.91,MODIS/061/MOD10A1,2026_08_26,500,ok-satellite,2026-09-08T05:24:07+00:00
upper_syr_darya::3000_4000,upper_syr_darya,syr_darya,3000_4000,3000,4000,2026-08-27,2026,8,27,snow_cover_percent,0.3211,percent,98.63,MODIS/061/MOD10A1,2026_08_27,500,ok-satellite,2026-09-08T05:24:07+00:00
upper_syr_darya::3000_4000,upper_syr_darya,syr_darya,3000_4000,3000,4000,2026-08-28,2026,8,28,snow_cover_percent,0.3960,percent,93.57,MODIS/061/MOD10A1,2026_08_28,500,ok-satellite,2026-09-08T05:24:07+00:00
upper_syr_darya::3000_4000,upper_syr_darya,syr_darya,3000_4000,3000,4000,2026-08-29,2026,8,29,snow_cover_percent,0.1947,percent,79.48,MODIS/061/MOD10A1,2026_08_29,500,ok-satellite,2026-09-08T05:24:07+00:00
upper_syr_darya::3000_4000,upper_syr_darya,syr_darya,3000_4000,3000,4000,2026-08-30,2026,8,30,snow_cover_percent,0.4998,percent,72.56,MODIS/061/MOD10A1,2026_08_30,500,ok-satellite,2026-09-08T05:24:07+00:00
upper_syr_darya::3000_4000,upper_syr_darya,syr_darya,3000_4000,3000,4000,2026-08-31,2026,8,31,snow_cover_percent,0.1239,percent,93.92,MODIS/061/MOD10A1,2026_08_31,500,ok-satellite,2026-09-08T05:24:07+00:00
upper_syr_darya::3000_4000,upper_syr_darya,syr_darya,3000_4000,3000,4000,2026-09-01,2026,9,1,snow_cover_percent,0.1575,percent,78.43,MODIS/061/MOD10A1,2026_09_01,500,ok-satellite,2026-09-08T05:34:10+00:00
upper_syr_darya::gte_4000,upper_syr_darya,syr_darya,gte_4000,4000,,2026-08-02,2026,8,2,snow_cover_percent,14.9299,percent,96.41,MODIS/061/MOD10A1,2026_08_02,500,ok-satellite,2026-09-08T05:24:07+00:00
upper_syr_darya::gte_4000,upper_syr_darya,syr_darya,gte_4000,4000,,2026-08-03,2026,8,3,snow_cover_percent,5.7010,percent,51.80,MODIS/061/MOD10A1,2026_08_03,500,limited-clear-sky,2026-09-08T05:24:07+00:00
upper_syr_darya::gte_4000,upper_syr_darya,syr_darya,gte_4000,4000,,2026-08-04,2026,8,4,snow_cover_percent,46.2030,percent,7.26,MODIS/061/MOD10A1,2026_08_04,500,insufficient-clear-sky,2026-09-08T05:24:07+00:00
upper_syr_darya::gte_4000,upper_syr_darya,syr_darya,gte_4000,4000,,2026-08-05,2026,8,5,snow_cover_percent,15.4464,percent,64.95,MODIS/061/MOD10A1,2026_08_05,500,limited-clear-sky,2026-09-08T05:24:07+00:00
upper_syr_darya::gte_4000,upper_syr_darya,syr_darya,gte_4000,4000,,2026-08-06,2026,8,6,snow_cover_percent,12.3653,percent,88.57,MODIS/061/MOD10A1,2026_08_06,500,ok-satellite,2026-09-08T05:24:07+00:00
upper_syr_darya::gte_4000,upper_syr_darya,syr_darya,gte_4000,4000,,2026-08-07,2026,8,7,snow_cover_percent,16.9629,percent,94.84,MODIS/061/MOD10A1,2026_08_07,500,ok-satellite,2026-09-08T05:24:07+00:00
upper_syr_darya::gte_4000,upper_syr_darya,syr_darya,gte_4000,4000,,2026-08-08,2026,8,8,snow_cover_percent,9.1724,percent,72.89,MODIS/061/MOD10A1,2026_08_08,500,ok-satellite,2026-09-08T05:24:07+00:00
upper_syr_darya::gte_4000,upper_syr_darya,syr_darya,gte_4000,4000,,2026-08-09,2026,8,9,snow_cover_percent,18.1674,percent,69.39,MODIS/061/MOD10A1,2026_08_09,500,limited-clear-sky,2026-09-08T05:24:07+00:00
upper_syr_darya::gte_4000,upper_syr_darya,syr_darya,gte_4000,4000,,2026-08-10,2026,8,10,snow_cover_percent,8.0380,percent,14.34,MODIS/061/MOD10A1,2026_08_10,500,insufficient-clear-sky,2026-09-08T05:24:07+00:00
upper_syr_darya::gte_4000,upper_syr_darya,syr_darya,gte_4000,4000,,2026-08-11,2026,8,11,snow_cover_percent,33.3144,percent,4.01,MODIS/061/MOD10A1,2026_08_11,500,insufficient-clear-sky,2026-09-08T05:24:07+00:00
upper_syr_darya::gte_4000,upper_syr_darya,syr_darya,gte_4000,4000,,2026-08-12,2026,8,12,snow_cover_percent,13.2406,percent,11.63,MODIS/061/MOD10A1,2026_08_12,500,insufficient-clear-sky,2026-09-08T05:24:07+00:00
upper_syr_darya::gte_4000,upper_syr_darya,syr_darya,gte_4000,4000,,2026-08-13,2026,8,13,snow_cover_percent,18.3084,percent,79.69,MODIS/061/MOD10A1,2026_08_13,500,ok-satellite,2026-09-08T05:24:07+00:00
upper_syr_darya::gte_4000,upper_syr_darya,syr_darya,gte_4000,4000,,2026-08-14,2026,8,14,snow_cover_percent,18.8125,percent,77.92,MODIS/061/MOD10A1,2026_08_14,500,ok-satellite,2026-09-08T05:24:07+00:00
upper_syr_darya::gte_4000,upper_syr_darya,syr_darya,gte_4000,4000,,2026-08-15,2026,8,15,snow_cover_percent,14.2460,percent,86.00,MODIS/061/MOD10A1,2026_08_15,500,ok-satellite,2026-09-08T05:24:07+00:00
upper_syr_darya::gte_4000,upper_syr_darya,syr_darya,gte_4000,4000,,2026-08-16,2026,8,16,snow_cover_percent,7.2253,percent,88.15,MODIS/061/MOD10A1,2026_08_16,500,ok-satellite,2026-09-08T05:24:07+00:00
upper_syr_darya::gte_4000,upper_syr_darya,syr_darya,gte_4000,4000,,2026-08-17,2026,8,17,snow_cover_percent,9.6488,percent,89.08,MODIS/061/MOD10A1,2026_08_17,500,ok-satellite,2026-09-08T05:24:07+00:00
upper_syr_darya::gte_4000,upper_syr_darya,syr_darya,gte_4000,4000,,2026-08-18,2026,8,18,snow_cover_percent,6.6008,percent,80.68,MODIS/061/MOD10A1,2026_08_18,500,ok-satellite,2026-09-08T05:24:07+00:00
upper_syr_darya::gte_4000,upper_syr_darya,syr_darya,gte_4000,4000,,2026-08-19,2026,8,19,snow_cover_percent,12.1756,percent,70.42,MODIS/061/MOD10A1,2026_08_19,500,ok-satellite,2026-09-08T05:24:07+00:00
upper_syr_darya::gte_4000,upper_syr_darya,syr_darya,gte_4000,4000,,2026-08-20,2026,8,20,snow_cover_percent,7.3145,percent,31.77,MODIS/061/MOD10A1,2026_08_20,500,limited-clear-sky,2026-09-08T05:24:07+00:00
upper_syr_darya::gte_4000,upper_syr_darya,syr_darya,gte_4000,4000,,2026-08-21,2026,8,21,snow_cover_percent,11.9674,percent,42.55,MODIS/061/MOD10A1,2026_08_21,500,limited-clear-sky,2026-09-08T05:24:07+00:00
upper_syr_darya::gte_4000,upper_syr_darya,syr_darya,gte_4000,4000,,2026-08-22,2026,8,22,snow_cover_percent,18.8381,percent,54.08,MODIS/061/MOD10A1,2026_08_22,500,limited-clear-sky,2026-09-08T05:24:07+00:00
upper_syr_darya::gte_4000,upper_syr_darya,syr_darya,gte_4000,4000,,2026-08-23,2026,8,23,snow_cover_percent,29.1917,percent,2.93,MODIS/061/MOD10A1,2026_08_23,500,insufficient-clear-sky,2026-09-08T05:24:07+00:00
upper_syr_darya::gte_4000,upper_syr_darya,syr_darya,gte_4000,4000,,2026-08-24,2026,8,24,snow_cover_percent,29.4253,percent,88.33,MODIS/061/MOD10A1,2026_08_24,500,ok-satellite,2026-09-08T05:24:07+00:00
upper_syr_darya::gte_4000,upper_syr_darya,syr_darya,gte_4000,4000,,2026-08-25,2026,8,25,snow_cover_percent,15.9632,percent,36.43,MODIS/061/MOD10A1,2026_08_25,500,limited-clear-sky,2026-09-08T05:24:07+00:00
upper_syr_darya::gte_4000,upper_syr_darya,syr_darya,gte_4000,4000,,2026-08-26,2026,8,26,snow_cover_percent,16.6951,percent,97.52,MODIS/061/MOD10A1,2026_08_26,500,ok-satellite,2026-09-08T05:24:07+00:00
upper_syr_darya::gte_4000,upper_syr_darya,syr_darya,gte_4000,4000,,2026-08-27,2026,8,27,snow_cover_percent,21.1978,percent,96.60,MODIS/061/MOD10A1,2026_08_27,500,ok-satellite,2026-09-08T05:24:07+00:00
upper_syr_darya::gte_4000,upper_syr_darya,syr_darya,gte_4000,4000,,2026-08-28,2026,8,28,snow_cover_percent,12.9593,percent,92.02,MODIS/061/MOD10A1,2026_08_28,500,ok-satellite,2026-09-08T05:24:07+00:00
upper_syr_darya::gte_4000,upper_syr_darya,syr_darya,gte_4000,4000,,2026-08-29,2026,8,29,snow_cover_percent,9.7004,percent,63.68,MODIS/061/MOD10A1,2026_08_29,500,limited-clear-sky,2026-09-08T05:24:07+00:00
upper_syr_darya::gte_4000,upper_syr_darya,syr_darya,gte_4000,4000,,2026-08-30,2026,8,30,snow_cover_percent,13.1735,percent,72.05,MODIS/061/MOD10A1,2026_08_30,500,ok-satellite,2026-09-08T05:24:07+00:00
upper_syr_darya::gte_4000,upper_syr_darya,syr_darya,gte_4000,4000,,2026-08-31,2026,8,31,snow_cover_percent,9.1729,percent,92.18,MODIS/061/MOD10A1,2026_08_31,500,ok-satellite,2026-09-08T05:24:07+00:00
upper_syr_darya::gte_4000,upper_syr_darya,syr_darya,gte_4000,4000,,2026-09-01,2026,9,1,snow_cover_percent,13.5385,percent,85.44,MODIS/061/MOD10A1,2026_09_01,500,ok-satellite,2026-09-08T05:34:10+00:00
upper_syr_darya::lt_1000,upper_syr_darya,syr_darya,lt_1000,,1000,2026-08-02,2026,8,2,snow_cover_percent,0.0000,percent,97.30,MODIS/061/MOD10A1,2026_08_02,500,ok-satellite,2026-09-08T05:24:07+00:00
upper_syr_darya::lt_1000,upper_syr_darya,syr_darya,lt_1000,,1000,2026-08-03,2026,8,3,snow_cover_percent,0.0009,percent,80.72,MODIS/061/MOD10A1,2026_08_03,500,ok-satellite,2026-09-08T05:24:07+00:00
upper_syr_darya::lt_1000,upper_syr_darya,syr_darya,lt_1000,,1000,2026-08-04,2026,8,4,snow_cover_percent,0.0099,percent,4.88,MODIS/061/MOD10A1,2026_08_04,500,insufficient-clear-sky,2026-09-08T05:24:07+00:00
upper_syr_darya::lt_1000,upper_syr_darya,syr_darya,lt_1000,,1000,2026-08-05,2026,8,5,snow_cover_percent,0.0000,percent,65.19,MODIS/061/MOD10A1,2026_08_05,500,limited-clear-sky,2026-09-08T05:24:07+00:00
upper_syr_darya::lt_1000,upper_syr_darya,syr_darya,lt_1000,,1000,2026-08-06,2026,8,6,snow_cover_percent,0.0000,percent,97.29,MODIS/061/MOD10A1,2026_08_06,500,ok-satellite,2026-09-08T05:24:07+00:00
upper_syr_darya::lt_1000,upper_syr_darya,syr_darya,lt_1000,,1000,2026-08-07,2026,8,7,snow_cover_percent,0.0000,percent,97.19,MODIS/061/MOD10A1,2026_08_07,500,ok-satellite,2026-09-08T05:24:07+00:00
upper_syr_darya::lt_1000,upper_syr_darya,syr_darya,lt_1000,,1000,2026-08-08,2026,8,8,snow_cover_percent,0.0000,percent,96.42,MODIS/061/MOD10A1,2026_08_08,500,ok-satellite,2026-09-08T05:24:07+00:00
upper_syr_darya::lt_1000,upper_syr_darya,syr_darya,lt_1000,,1000,2026-08-09,2026,8,9,snow_cover_percent,0.1261,percent,67.07,MODIS/061/MOD10A1,2026_08_09,500,limited-clear-sky,2026-09-08T05:24:07+00:00
upper_syr_darya::lt_1000,upper_syr_darya,syr_darya,lt_1000,,1000,2026-08-10,2026,8,10,snow_cover_percent,0.0000,percent,94.01,MODIS/061/MOD10A1,2026_08_10,500,ok-satellite,2026-09-08T05:24:07+00:00
upper_syr_darya::lt_1000,upper_syr_darya,syr_darya,lt_1000,,1000,2026-08-11,2026,8,11,snow_cover_percent,0.0000,percent,83.40,MODIS/061/MOD10A1,2026_08_11,500,ok-satellite,2026-09-08T05:24:07+00:00
upper_syr_darya::lt_1000,upper_syr_darya,syr_darya,lt_1000,,1000,2026-08-12,2026,8,12,snow_cover_percent,0.0000,percent,80.97,MODIS/061/MOD10A1,2026_08_12,500,ok-satellite,2026-09-08T05:24:07+00:00
upper_syr_darya::lt_1000,upper_syr_darya,syr_darya,lt_1000,,1000,2026-08-13,2026,8,13,snow_cover_percent,0.0005,percent,97.38,MODIS/061/MOD10A1,2026_08_13,500,ok-satellite,2026-09-08T05:24:07+00:00
upper_syr_darya::lt_1000,upper_syr_darya,syr_darya,lt_1000,,1000,2026-08-14,2026,8,14,snow_cover_percent,0.0000,percent,92.31,MODIS/061/MOD10A1,2026_08_14,500,ok-satellite,2026-09-08T05:24:07+00:00
upper_syr_darya::lt_1000,upper_syr_darya,syr_darya,lt_1000,,1000,2026-08-15,2026,8,15,snow_cover_percent,0.0000,percent,97.31,MODIS/061/MOD10A1,2026_08_15,500,ok-satellite,2026-09-08T05:24:07+00:00
upper_syr_darya::lt_1000,upper_syr_darya,syr_darya,lt_1000,,1000,2026-08-16,2026,8,16,snow_cover_percent,0.0000,percent,96.65,MODIS/061/MOD10A1,2026_08_16,500,ok-satellite,2026-09-08T05:24:07+00:00
upper_syr_darya::lt_1000,upper_syr_darya,syr_darya,lt_1000,,1000,2026-08-17,2026,8,17,snow_cover_percent,0.0000,percent,93.51,MODIS/061/MOD10A1,2026_08_17,500,ok-satellite,2026-09-08T05:24:07+00:00
upper_syr_darya::lt_1000,upper_syr_darya,syr_darya,lt_1000,,1000,2026-08-18,2026,8,18,snow_cover_percent,0.0000,percent,97.55,MODIS/061/MOD10A1,2026_08_18,500,ok-satellite,2026-09-08T05:24:07+00:00
upper_syr_darya::lt_1000,upper_syr_darya,syr_darya,lt_1000,,1000,2026-08-19,2026,8,19,snow_cover_percent,0.0000,percent,97.31,MODIS/061/MOD10A1,2026_08_19,500,ok-satellite,2026-09-08T05:24:07+00:00
upper_syr_darya::lt_1000,upper_syr_darya,syr_darya,lt_1000,,1000,2026-08-20,2026,8,20,snow_cover_percent,0.0000,percent,97.18,MODIS/061/MOD10A1,2026_08_20,500,ok-satellite,2026-09-08T05:24:07+00:00
upper_syr_darya::lt_1000,upper_syr_darya,syr_darya,lt_1000,,1000,2026-08-21,2026,8,21,snow_cover_percent,0.0263,percent,42.27,MODIS/061/MOD10A1,2026_08_21,500,limited-clear-sky,2026-09-08T05:24:07+00:00
upper_syr_darya::lt_1000,upper_syr_darya,syr_darya,lt_1000,,1000,2026-08-22,2026,8,22,snow_cover_percent,10.9852,percent,5.82,MODIS/061/MOD10A1,2026_08_22,500,insufficient-clear-sky,2026-09-08T05:24:07+00:00
upper_syr_darya::lt_1000,upper_syr_darya,syr_darya,lt_1000,,1000,2026-08-23,2026,8,23,snow_cover_percent,0.0028,percent,97.28,MODIS/061/MOD10A1,2026_08_23,500,ok-satellite,2026-09-08T05:24:07+00:00
upper_syr_darya::lt_1000,upper_syr_darya,syr_darya,lt_1000,,1000,2026-08-24,2026,8,24,snow_cover_percent,0.0000,percent,96.71,MODIS/061/MOD10A1,2026_08_24,500,ok-satellite,2026-09-08T05:24:07+00:00
upper_syr_darya::lt_1000,upper_syr_darya,syr_darya,lt_1000,,1000,2026-08-25,2026,8,25,snow_cover_percent,0.0000,percent,97.25,MODIS/061/MOD10A1,2026_08_25,500,ok-satellite,2026-09-08T05:24:07+00:00
upper_syr_darya::lt_1000,upper_syr_darya,syr_darya,lt_1000,,1000,2026-08-26,2026,8,26,snow_cover_percent,0.0000,percent,97.36,MODIS/061/MOD10A1,2026_08_26,500,ok-satellite,2026-09-08T05:24:07+00:00
upper_syr_darya::lt_1000,upper_syr_darya,syr_darya,lt_1000,,1000,2026-08-27,2026,8,27,snow_cover_percent,0.0000,percent,97.26,MODIS/061/MOD10A1,2026_08_27,500,ok-satellite,2026-09-08T05:24:07+00:00
upper_syr_darya::lt_1000,upper_syr_darya,syr_darya,lt_1000,,1000,2026-08-28,2026,8,28,snow_cover_percent,0.0003,percent,97.50,MODIS/061/MOD10A1,2026_08_28,500,ok-satellite,2026-09-08T05:24:07+00:00
upper_syr_darya::lt_1000,upper_syr_darya,syr_darya,lt_1000,,1000,2026-08-29,2026,8,29,snow_cover_percent,0.0000,percent,94.18,MODIS/061/MOD10A1,2026_08_29,500,ok-satellite,2026-09-08T05:24:07+00:00
upper_syr_darya::lt_1000,upper_syr_darya,syr_darya,lt_1000,,1000,2026-08-30,2026,8,30,snow_cover_percent,0.0000,percent,97.22,MODIS/061/MOD10A1,2026_08_30,500,ok-satellite,2026-09-08T05:24:07+00:00
upper_syr_darya::lt_1000,upper_syr_darya,syr_darya,lt_1000,,1000,2026-08-31,2026,8,31,snow_cover_percent,0.0000,percent,97.30,MODIS/061/MOD10A1,2026_08_31,500,ok-satellite,2026-09-08T05:24:07+00:00
upper_syr_darya::lt_1000,upper_syr_darya,syr_darya,lt_1000,,1000,2026-09-01,2026,9,1,snow_cover_percent,0.0000,percent,97.29,MODIS/061/MOD10A1,2026_09_01,500,ok-satellite,2026-09-08T05:34:10+00:00
