plant_id,system_id,basin_level,hybas_id,hyriv_id,wastewater_discharge_m3_d,population_served,method,retrieved_at
54778,amu_darya,12,4120560040,40454088,2047.163,62796,outfall reach resolved to its level-12 basin,2026-09-08T19:06:29+00:00
54873,amu_darya,12,4121341840,40421835,944.533,5968,outfall reach resolved to its level-12 basin,2026-09-08T19:06:29+00:00
56046,amu_darya,12,4120521540,40414321,2575.143,136445,outfall reach resolved to its level-12 basin,2026-09-08T19:06:29+00:00
56079,amu_darya,12,4120505030,40397435,16722.777,886060,outfall reach resolved to its level-12 basin,2026-09-08T19:06:29+00:00
56080,amu_darya,12,4120505540,40398017,2999.849,158948,outfall reach resolved to its level-12 basin,2026-09-08T19:06:29+00:00
56110,amu_darya,12,4120474910,40370533,1704.013,10766,outfall reach resolved to its level-12 basin,2026-09-08T19:06:29+00:00
56148,syr_darya,12,4121307920,40350716,2440.800,32727,outfall reach resolved to its level-12 basin,2026-09-08T19:06:29+00:00
56154,syr_darya,12,4120448560,40345239,8422.317,112928,outfall reach resolved to its level-12 basin,2026-09-08T19:06:29+00:00
56167,syr_darya,12,4120441410,40339580,215.311,11408,outfall reach resolved to its level-12 basin,2026-09-08T19:06:29+00:00
56168,syr_darya,12,4120431730,40335381,86.400,1158,outfall reach resolved to its level-12 basin,2026-09-08T19:06:29+00:00
56170,syr_darya,12,4120441410,40336890,528.098,27981,outfall reach resolved to its level-12 basin,2026-09-08T19:06:29+00:00
56171,syr_darya,12,4120433430,40338010,8310.069,409158,outfall reach resolved to its level-12 basin,2026-09-08T19:06:29+00:00
56173,syr_darya,12,4120436970,40335376,5130.696,68793,outfall reach resolved to its level-12 basin,2026-09-08T19:06:29+00:00
56197,syr_darya,12,4120424100,40325527,29636.243,397368,outfall reach resolved to its level-12 basin,2026-09-08T19:06:29+00:00
56201,syr_darya,12,4121302050,40325927,6554.859,87889,outfall reach resolved to its level-12 basin,2026-09-08T19:06:29+00:00
56208,syr_darya,12,4120420630,40323239,3840.804,189107,outfall reach resolved to its level-12 basin,2026-09-08T19:06:29+00:00
56213,syr_darya,12,4120422090,40324333,24036.674,322288,outfall reach resolved to its level-12 basin,2026-09-08T19:06:29+00:00
56215,syr_darya,12,4120420770,40323488,3373.578,45234,outfall reach resolved to its level-12 basin,2026-09-08T19:06:29+00:00
56217,syr_darya,12,4120418720,40321713,6363.907,85328,outfall reach resolved to its level-12 basin,2026-09-08T19:06:29+00:00
56223,syr_darya,12,4120416340,40319626,7174.346,96195,outfall reach resolved to its level-12 basin,2026-09-08T19:06:29+00:00
56225,syr_darya,12,4121299790,40321028,4952.410,66403,outfall reach resolved to its level-12 basin,2026-09-08T19:06:29+00:00
56226,syr_darya,12,4120423330,40324894,1346.100,18049,outfall reach resolved to its level-12 basin,2026-09-08T19:06:29+00:00
56227,syr_darya,12,4120422710,40319897,10807.498,144909,outfall reach resolved to its level-12 basin,2026-09-08T19:06:29+00:00
56230,amu_darya,12,4120411070,40318785,3327.076,44610,outfall reach resolved to its level-12 basin,2026-09-08T19:06:29+00:00
56244,syr_darya,12,4121299790,40318206,15549.925,208496,outfall reach resolved to its level-12 basin,2026-09-08T19:06:29+00:00
56247,syr_darya,12,4121299790,40319248,3938.223,52804,outfall reach resolved to its level-12 basin,2026-09-08T19:06:29+00:00
56249,syr_darya,12,4121298640,40318204,4584.594,61471,outfall reach resolved to its level-12 basin,2026-09-08T19:06:29+00:00
56250,syr_darya,12,4121297340,40315942,89.537,4408,outfall reach resolved to its level-12 basin,2026-09-08T19:06:29+00:00
56251,syr_darya,12,4121297340,40315942,48.426,2384,outfall reach resolved to its level-12 basin,2026-09-08T19:06:29+00:00
56252,syr_darya,12,4120414820,40318321,40568.602,543951,outfall reach resolved to its level-12 basin,2026-09-08T19:06:29+00:00
56253,syr_darya,12,4120414220,40316995,5029.649,67438,outfall reach resolved to its level-12 basin,2026-09-08T19:06:29+00:00
56256,syr_darya,12,4120405740,40314012,17.188,846,outfall reach resolved to its level-12 basin,2026-09-08T19:06:29+00:00
56258,syr_darya,12,4120414820,40317701,62458.197,837451,outfall reach resolved to its level-12 basin,2026-09-08T19:06:29+00:00
56288,syr_darya,12,4120414820,40314925,58423.328,783351,outfall reach resolved to its level-12 basin,2026-09-08T19:06:29+00:00
56295,amu_darya,12,4121295960,40314126,4553.356,61052,outfall reach resolved to its level-12 basin,2026-09-08T19:06:29+00:00
56298,amu_darya,12,4121295960,40314126,6046.264,81069,outfall reach resolved to its level-12 basin,2026-09-08T19:06:29+00:00
56307,syr_darya,12,4120414570,40318207,14369.766,192673,outfall reach resolved to its level-12 basin,2026-09-08T19:06:29+00:00
56309,syr_darya,12,4121294450,40311251,4415.613,21105,outfall reach resolved to its level-12 basin,2026-09-08T19:06:29+00:00
56311,syr_darya,12,4120411720,40315068,9413.926,126224,outfall reach resolved to its level-12 basin,2026-09-08T19:06:29+00:00
56339,syr_darya,12,4121291530,40306637,93.923,4624,outfall reach resolved to its level-12 basin,2026-09-08T19:06:29+00:00
56346,syr_darya,12,4121295730,40310998,9449.168,126696,outfall reach resolved to its level-12 basin,2026-09-08T19:06:29+00:00
56350,syr_darya,12,4120402500,40307546,108.390,5337,outfall reach resolved to its level-12 basin,2026-09-08T19:06:29+00:00
56354,syr_darya,12,4121295730,40310998,7045.749,94471,outfall reach resolved to its level-12 basin,2026-09-08T19:06:29+00:00
56365,syr_darya,12,4120396800,40302336,2523.302,33833,outfall reach resolved to its level-12 basin,2026-09-08T19:06:29+00:00
56366,syr_darya,12,4120396820,40301977,557.443,27446,outfall reach resolved to its level-12 basin,2026-09-08T19:06:29+00:00
56380,amu_darya,12,4121279060,40278731,3686.361,49427,outfall reach resolved to its level-12 basin,2026-09-08T19:06:29+00:00
56382,syr_darya,12,4120368780,40276630,14688.000,70202,outfall reach resolved to its level-12 basin,2026-09-08T19:06:29+00:00
56384,amu_darya,12,4121279060,40278731,3459.701,46388,outfall reach resolved to its level-12 basin,2026-09-08T19:06:29+00:00
56386,amu_darya,12,4120361650,40273472,108.000,1448,outfall reach resolved to its level-12 basin,2026-09-08T19:06:29+00:00
56387,syr_darya,12,4120365390,40272739,3685.223,17614,outfall reach resolved to its level-12 basin,2026-09-08T19:06:29+00:00
56388,amu_darya,12,4121276230,40271381,21.600,290,outfall reach resolved to its level-12 basin,2026-09-08T19:06:29+00:00
56512,amu_darya,12,4121238060,40182395,35.125,471,outfall reach resolved to its level-12 basin,2026-09-08T19:06:29+00:00
56515,amu_darya,12,4121238060,40182395,21.554,289,outfall reach resolved to its level-12 basin,2026-09-08T19:06:29+00:00
