plant_id,hyriv_id,system_id,dilution_factor,wastewater_discharge_m3_d,river_discharge_cms,population_served,method,retrieved_at
56079,40397435,amu_darya,410.484,16722.777,102.4040,886060,native HydroWASTE HYRIV_ID at the estimated outfall,2026-09-08T19:06:29+00:00
56258,40317701,syr_darya,328.645,62458.197,236.8530,837451,native HydroWASTE HYRIV_ID at the estimated outfall,2026-09-08T19:06:29+00:00
56288,40314925,syr_darya,350.384,58423.328,236.2520,783351,native HydroWASTE HYRIV_ID at the estimated outfall,2026-09-08T19:06:29+00:00
56252,40318321,syr_darya,505.679,40568.602,236.9690,543951,native HydroWASTE HYRIV_ID at the estimated outfall,2026-09-08T19:06:29+00:00
56171,40338010,syr_darya,122.316,8310.069,12.5350,409158,native HydroWASTE HYRIV_ID at the estimated outfall,2026-09-08T19:06:29+00:00
56197,40325527,syr_darya,215.771,29636.243,73.6690,397368,native HydroWASTE HYRIV_ID at the estimated outfall,2026-09-08T19:06:29+00:00
56213,40324333,syr_darya,1634.470,24036.674,454.4350,322288,native HydroWASTE HYRIV_ID at the estimated outfall,2026-09-08T19:06:29+00:00
56244,40318206,syr_darya,1328.633,15549.925,238.9420,208496,native HydroWASTE HYRIV_ID at the estimated outfall,2026-09-08T19:06:29+00:00
56307,40318207,syr_darya,11.396,14369.766,1.7290,192673,native HydroWASTE HYRIV_ID at the estimated outfall,2026-09-08T19:06:29+00:00
56208,40323239,syr_darya,197.857,3840.804,9.4010,189107,native HydroWASTE HYRIV_ID at the estimated outfall,2026-09-08T19:06:29+00:00
56080,40398017,amu_darya,148.923,2999.849,6.6360,158948,native HydroWASTE HYRIV_ID at the estimated outfall,2026-09-08T19:06:29+00:00
56227,40319897,syr_darya,156.852,10807.498,19.4950,144909,native HydroWASTE HYRIV_ID at the estimated outfall,2026-09-08T19:06:29+00:00
56046,40414321,amu_darya,17457.061,2575.143,672.2320,136445,native HydroWASTE HYRIV_ID at the estimated outfall,2026-09-08T19:06:29+00:00
56346,40310998,syr_darya,2140.233,9449.168,233.9580,126696,native HydroWASTE HYRIV_ID at the estimated outfall,2026-09-08T19:06:29+00:00
56311,40315068,syr_darya,21.834,9413.926,2.2700,126224,native HydroWASTE HYRIV_ID at the estimated outfall,2026-09-08T19:06:29+00:00
56154,40345239,syr_darya,4074.521,8422.317,397.0890,112928,native HydroWASTE HYRIV_ID at the estimated outfall,2026-09-08T19:06:29+00:00
56223,40319626,syr_darya,29.891,7174.346,2.3990,96195,native HydroWASTE HYRIV_ID at the estimated outfall,2026-09-08T19:06:29+00:00
56354,40310998,syr_darya,2867.753,7045.749,233.7780,94471,native HydroWASTE HYRIV_ID at the estimated outfall,2026-09-08T19:06:29+00:00
56201,40325927,syr_darya,62.925,6554.859,4.6980,87889,native HydroWASTE HYRIV_ID at the estimated outfall,2026-09-08T19:06:29+00:00
56217,40321713,syr_darya,433.672,6363.907,31.8690,85328,native HydroWASTE HYRIV_ID at the estimated outfall,2026-09-08T19:06:29+00:00
56298,40314126,amu_darya,28194.323,6046.264,1972.9660,81069,native HydroWASTE HYRIV_ID at the estimated outfall,2026-09-08T19:06:29+00:00
56382,40276630,syr_darya,5.000,14688.000,0.6800,70202,native HydroWASTE HYRIV_ID at the estimated outfall,2026-09-08T19:06:29+00:00
56173,40335376,syr_darya,5.008,5130.696,0.2380,68793,native HydroWASTE HYRIV_ID at the estimated outfall,2026-09-08T19:06:29+00:00
56253,40316995,syr_darya,67.033,5029.649,3.8440,67438,native HydroWASTE HYRIV_ID at the estimated outfall,2026-09-08T19:06:29+00:00
56225,40321028,syr_darya,4183.464,4952.410,239.7370,66403,native HydroWASTE HYRIV_ID at the estimated outfall,2026-09-08T19:06:29+00:00
54778,40454088,amu_darya,1059.218,2047.163,82.2720,62796,native HydroWASTE HYRIV_ID at the estimated outfall,2026-09-08T19:06:29+00:00
56249,40318204,syr_darya,67.638,4584.594,3.5360,61471,native HydroWASTE HYRIV_ID at the estimated outfall,2026-09-08T19:06:29+00:00
56295,40314126,amu_darya,37438.064,4553.356,1972.9660,61052,native HydroWASTE HYRIV_ID at the estimated outfall,2026-09-08T19:06:29+00:00
56247,40319248,syr_darya,5250.808,3938.223,239.2930,52804,native HydroWASTE HYRIV_ID at the estimated outfall,2026-09-08T19:06:29+00:00
56380,40278731,amu_darya,39948.864,3686.361,1704.4240,49427,native HydroWASTE HYRIV_ID at the estimated outfall,2026-09-08T19:06:29+00:00
56384,40278731,amu_darya,42566.023,3459.701,1704.4240,46388,native HydroWASTE HYRIV_ID at the estimated outfall,2026-09-08T19:06:29+00:00
56215,40323488,syr_darya,921.170,3373.578,35.9290,45234,native HydroWASTE HYRIV_ID at the estimated outfall,2026-09-08T19:06:29+00:00
56230,40318785,amu_darya,51314.513,3327.076,1975.9720,44610,native HydroWASTE HYRIV_ID at the estimated outfall,2026-09-08T19:06:29+00:00
56365,40302336,syr_darya,4260.288,2523.302,124.3920,33833,native HydroWASTE HYRIV_ID at the estimated outfall,2026-09-08T19:06:29+00:00
56148,40350716,syr_darya,5.000,2440.800,0.1130,32727,native HydroWASTE HYRIV_ID at the estimated outfall,2026-09-08T19:06:29+00:00
56170,40336890,syr_darya,52.916,528.098,0.4100,27981,native HydroWASTE HYRIV_ID at the estimated outfall,2026-09-08T19:06:29+00:00
56366,40301977,syr_darya,241.222,557.443,1.6650,27446,native HydroWASTE HYRIV_ID at the estimated outfall,2026-09-08T19:06:29+00:00
56309,40311251,syr_darya,,4415.613,,21105,native HydroWASTE HYRIV_ID at the estimated outfall,2026-09-08T19:06:29+00:00
56226,40324894,syr_darya,39.896,1346.100,0.6060,18049,native HydroWASTE HYRIV_ID at the estimated outfall,2026-09-08T19:06:29+00:00
56387,40272739,syr_darya,120.382,3685.223,5.0920,17614,native HydroWASTE HYRIV_ID at the estimated outfall,2026-09-08T19:06:29+00:00
56167,40339580,syr_darya,208.151,215.311,0.6670,11408,native HydroWASTE HYRIV_ID at the estimated outfall,2026-09-08T19:06:29+00:00
56110,40370533,amu_darya,101522.475,1704.013,2002.2440,10766,native HydroWASTE HYRIV_ID at the estimated outfall,2026-09-08T19:06:29+00:00
54873,40421835,amu_darya,27.985,944.533,0.2950,5968,native HydroWASTE HYRIV_ID at the estimated outfall,2026-09-08T19:06:29+00:00
56350,40307546,syr_darya,126910.900,108.390,171.0350,5337,native HydroWASTE HYRIV_ID at the estimated outfall,2026-09-08T19:06:29+00:00
56339,40306637,syr_darya,167926.624,93.923,196.1050,4624,native HydroWASTE HYRIV_ID at the estimated outfall,2026-09-08T19:06:29+00:00
56250,40315942,syr_darya,15287.320,89.537,17.0180,4408,native HydroWASTE HYRIV_ID at the estimated outfall,2026-09-08T19:06:29+00:00
56251,40315942,syr_darya,28264.397,48.426,17.0180,2384,native HydroWASTE HYRIV_ID at the estimated outfall,2026-09-08T19:06:29+00:00
56386,40273472,amu_darya,5.000,108.000,0.0050,1448,native HydroWASTE HYRIV_ID at the estimated outfall,2026-09-08T19:06:29+00:00
56168,40335381,syr_darya,5.000,86.400,0.0040,1158,native HydroWASTE HYRIV_ID at the estimated outfall,2026-09-08T19:06:29+00:00
56256,40314012,syr_darya,17893.957,17.188,3.8240,846,native HydroWASTE HYRIV_ID at the estimated outfall,2026-09-08T19:06:29+00:00
56512,40182395,amu_darya,,35.125,,471,native HydroWASTE HYRIV_ID at the estimated outfall,2026-09-08T19:06:29+00:00
56388,40271381,amu_darya,5.000,21.600,0.0010,290,native HydroWASTE HYRIV_ID at the estimated outfall,2026-09-08T19:06:29+00:00
56515,40182395,amu_darya,,21.554,,289,native HydroWASTE HYRIV_ID at the estimated outfall,2026-09-08T19:06:29+00:00
